,idx,class,conversation
0,0,일반대화,"이번 주말에 등산 갈 생각이에요.
좋은 생각이네요! 저도 같이 가고 싶어요."
1,1,일반대화,"새로운 취미를 시작했어요.
오, 무슨 취미인가요? 저도 같이 해보고 싶네요."
2,2,일반대화,"안녕하세요, 오늘 날씨가 정말 좋네요.
맞아요, 정말 맑고 따뜻해요."
3,3,일반대화,"이번 주말에 등산 갈 생각이에요.
좋은 생각이네요! 저도 같이 가고 싶어요."
4,4,일반대화,"지금 읽고 있는 책이 정말 흥미로워요.
어떤 책인가요? 저도 추천해 주세요."
5,5,일반대화,"어제 본 영화가 정말 재미있었어요.
어떤 영화였어요? 저도 궁금하네요."
6,6,일반대화,"어제 본 영화가 정말 재미있었어요.
어떤 영화였어요? 저도 궁금하네요."
7,7,일반대화,"오늘 저녁에 뭐 하세요?
아직 계획이 없어요. 저녁 같이 드실래요?"
8,8,일반대화,"이번 프로젝트 잘 진행되고 있나요?
네, 팀원들과 열심히 준비하고 있어요."
9,9,일반대화,"주말에 무슨 계획 있어요?
아직은 없는데, 같이 놀러 갈까요?"
10,10,일반대화,"점심 뭐 먹을까 고민 중이에요.
저는 파스타 먹을 생각인데, 같이 먹을래요?"
11,11,일반대화,"안녕하세요, 오늘 날씨가 정말 좋네요.
맞아요, 정말 맑고 따뜻해요."
12,12,일반대화,"새로운 취미를 시작했어요.
오, 무슨 취미인가요? 저도 같이 해보고 싶네요."
13,13,일반대화,"이번 프로젝트 잘 진행되고 있나요?
네, 팀원들과 열심히 준비하고 있어요."
14,14,일반대화,"어제 본 영화가 정말 재미있었어요.
어떤 영화였어요? 저도 궁금하네요."
15,15,일반대화,"지금 읽고 있는 책이 정말 흥미로워요.
어떤 책인가요? 저도 추천해 주세요."
16,16,일반대화,"오늘 저녁에 뭐 하세요?
아직 계획이 없어요. 저녁 같이 드실래요?"
17,17,일반대화,"지금 읽고 있는 책이 정말 흥미로워요.
어떤 책인가요? 저도 추천해 주세요."
18,18,일반대화,"어제 본 영화가 정말 재미있었어요.
어떤 영화였어요? 저도 궁금하네요."
19,19,일반대화,"여행 다녀왔는데 정말 좋았어요.
어디로 다녀오셨나요? 여행 얘기 들려주세요."
20,20,일반대화,"주말에 무슨 계획 있어요?
아직은 없는데, 같이 놀러 갈까요?"
21,21,일반대화,"안녕하세요, 오늘 날씨가 정말 좋네요.
맞아요, 정말 맑고 따뜻해요."
22,22,일반대화,"여행 다녀왔는데 정말 좋았어요.
어디로 다녀오셨나요? 여행 얘기 들려주세요."
23,23,일반대화,"새로운 취미를 시작했어요.
오, 무슨 취미인가요? 저도 같이 해보고 싶네요."
24,24,일반대화,"어제 본 영화가 정말 재미있었어요.
어떤 영화였어요? 저도 궁금하네요."
25,25,일반대화,"이번 프로젝트 잘 진행되고 있나요?
네, 팀원들과 열심히 준비하고 있어요."
26,26,일반대화,"점심 뭐 먹을까 고민 중이에요.
저는 파스타 먹을 생각인데, 같이 먹을래요?"
27,27,일반대화,"점심 뭐 먹을까 고민 중이에요.
저는 파스타 먹을 생각인데, 같이 먹을래요?"
28,28,일반대화,"어제 본 영화가 정말 재미있었어요.
어떤 영화였어요? 저도 궁금하네요."
29,29,일반대화,"안녕하세요, 오늘 날씨가 정말 좋네요.
맞아요, 정말 맑고 따뜻해요."
30,30,일반대화,"안녕하세요, 오늘 날씨가 정말 좋네요.
맞아요, 정말 맑고 따뜻해요."
31,31,일반대화,"오늘 저녁에 뭐 하세요?
아직 계획이 없어요. 저녁 같이 드실래요?"
32,32,일반대화,"점심 뭐 먹을까 고민 중이에요.
저는 파스타 먹을 생각인데, 같이 먹을래요?"
33,33,일반대화,"점심 뭐 먹을까 고민 중이에요.
저는 파스타 먹을 생각인데, 같이 먹을래요?"
34,34,일반대화,"안녕하세요, 오늘 날씨가 정말 좋네요.
맞아요, 정말 맑고 따뜻해요."
35,35,일반대화,"안녕하세요, 오늘 날씨가 정말 좋네요.
맞아요, 정말 맑고 따뜻해요."
36,36,일반대화,"이번 주말에 등산 갈 생각이에요.
좋은 생각이네요! 저도 같이 가고 싶어요."
37,37,일반대화,"안녕하세요, 오늘 날씨가 정말 좋네요.
맞아요, 정말 맑고 따뜻해요."
38,38,일반대화,"안녕하세요, 오늘 날씨가 정말 좋네요.
맞아요, 정말 맑고 따뜻해요."
39,39,일반대화,"이번 주말에 등산 갈 생각이에요.
좋은 생각이네요! 저도 같이 가고 싶어요."
40,40,일반대화,"주말에 무슨 계획 있어요?
아직은 없는데, 같이 놀러 갈까요?"
41,41,일반대화,"이번 프로젝트 잘 진행되고 있나요?
네, 팀원들과 열심히 준비하고 있어요."
42,42,일반대화,"이번 프로젝트 잘 진행되고 있나요?
네, 팀원들과 열심히 준비하고 있어요."
43,43,일반대화,"주말에 무슨 계획 있어요?
아직은 없는데, 같이 놀러 갈까요?"
44,44,일반대화,"안녕하세요, 오늘 날씨가 정말 좋네요.
맞아요, 정말 맑고 따뜻해요."
45,45,일반대화,"새로운 취미를 시작했어요.
오, 무슨 취미인가요? 저도 같이 해보고 싶네요."
46,46,일반대화,"주말에 무슨 계획 있어요?
아직은 없는데, 같이 놀러 갈까요?"
47,47,일반대화,"어제 본 영화가 정말 재미있었어요.
어떤 영화였어요? 저도 궁금하네요."
48,48,일반대화,"지금 읽고 있는 책이 정말 흥미로워요.
어떤 책인가요? 저도 추천해 주세요."
49,49,일반대화,"새로운 취미를 시작했어요.
오, 무슨 취미인가요? 저도 같이 해보고 싶네요."
50,50,일반대화,"어제 본 영화가 정말 재미있었어요.
어떤 영화였어요? 저도 궁금하네요."
51,51,일반대화,"이번 주말에 등산 갈 생각이에요.
좋은 생각이네요! 저도 같이 가고 싶어요."
52,52,일반대화,"이번 프로젝트 잘 진행되고 있나요?
네, 팀원들과 열심히 준비하고 있어요."
53,53,일반대화,"이번 주말에 등산 갈 생각이에요.
좋은 생각이네요! 저도 같이 가고 싶어요."
54,54,일반대화,"안녕하세요, 오늘 날씨가 정말 좋네요.
맞아요, 정말 맑고 따뜻해요."
55,55,일반대화,"지금 읽고 있는 책이 정말 흥미로워요.
어떤 책인가요? 저도 추천해 주세요."
56,56,일반대화,"이번 주말에 등산 갈 생각이에요.
좋은 생각이네요! 저도 같이 가고 싶어요."
57,57,일반대화,"오늘 저녁에 뭐 하세요?
아직 계획이 없어요. 저녁 같이 드실래요?"
58,58,일반대화,"이번 주말에 등산 갈 생각이에요.
좋은 생각이네요! 저도 같이 가고 싶어요."
59,59,일반대화,"이번 프로젝트 잘 진행되고 있나요?
네, 팀원들과 열심히 준비하고 있어요."
60,60,일반대화,"안녕하세요, 오늘 날씨가 정말 좋네요.
맞아요, 정말 맑고 따뜻해요."
61,61,일반대화,"안녕하세요, 오늘 날씨가 정말 좋네요.
맞아요, 정말 맑고 따뜻해요."
62,62,일반대화,"이번 프로젝트 잘 진행되고 있나요?
네, 팀원들과 열심히 준비하고 있어요."
63,63,일반대화,"지금 읽고 있는 책이 정말 흥미로워요.
어떤 책인가요? 저도 추천해 주세요."
64,64,일반대화,"점심 뭐 먹을까 고민 중이에요.
저는 파스타 먹을 생각인데, 같이 먹을래요?"
65,65,일반대화,"오늘 저녁에 뭐 하세요?
아직 계획이 없어요. 저녁 같이 드실래요?"
66,66,일반대화,"지금 읽고 있는 책이 정말 흥미로워요.
어떤 책인가요? 저도 추천해 주세요."
67,67,일반대화,"오늘 저녁에 뭐 하세요?
아직 계획이 없어요. 저녁 같이 드실래요?"
68,68,일반대화,"여행 다녀왔는데 정말 좋았어요.
어디로 다녀오셨나요? 여행 얘기 들려주세요."
69,69,일반대화,"어제 본 영화가 정말 재미있었어요.
어떤 영화였어요? 저도 궁금하네요."
70,70,일반대화,"주말에 무슨 계획 있어요?
아직은 없는데, 같이 놀러 갈까요?"
71,71,일반대화,"점심 뭐 먹을까 고민 중이에요.
저는 파스타 먹을 생각인데, 같이 먹을래요?"
72,72,일반대화,"오늘 저녁에 뭐 하세요?
아직 계획이 없어요. 저녁 같이 드실래요?"
73,73,일반대화,"이번 주말에 등산 갈 생각이에요.
좋은 생각이네요! 저도 같이 가고 싶어요."
74,74,일반대화,"어제 본 영화가 정말 재미있었어요.
어떤 영화였어요? 저도 궁금하네요."
75,75,일반대화,"이번 주말에 등산 갈 생각이에요.
좋은 생각이네요! 저도 같이 가고 싶어요."
76,76,일반대화,"이번 프로젝트 잘 진행되고 있나요?
네, 팀원들과 열심히 준비하고 있어요."
77,77,일반대화,"여행 다녀왔는데 정말 좋았어요.
어디로 다녀오셨나요? 여행 얘기 들려주세요."
78,78,일반대화,"안녕하세요, 오늘 날씨가 정말 좋네요.
맞아요, 정말 맑고 따뜻해요."
79,79,일반대화,"이번 프로젝트 잘 진행되고 있나요?
네, 팀원들과 열심히 준비하고 있어요."
80,80,일반대화,"주말에 무슨 계획 있어요?
아직은 없는데, 같이 놀러 갈까요?"
81,81,일반대화,"점심 뭐 먹을까 고민 중이에요.
저는 파스타 먹을 생각인데, 같이 먹을래요?"
82,82,일반대화,"오늘 저녁에 뭐 하세요?
아직 계획이 없어요. 저녁 같이 드실래요?"
83,83,일반대화,"오늘 저녁에 뭐 하세요?
아직 계획이 없어요. 저녁 같이 드실래요?"
84,84,일반대화,"오늘 저녁에 뭐 하세요?
아직 계획이 없어요. 저녁 같이 드실래요?"
85,85,일반대화,"이번 프로젝트 잘 진행되고 있나요?
네, 팀원들과 열심히 준비하고 있어요."
86,86,일반대화,"여행 다녀왔는데 정말 좋았어요.
어디로 다녀오셨나요? 여행 얘기 들려주세요."
87,87,일반대화,"지금 읽고 있는 책이 정말 흥미로워요.
어떤 책인가요? 저도 추천해 주세요."
88,88,일반대화,"안녕하세요, 오늘 날씨가 정말 좋네요.
맞아요, 정말 맑고 따뜻해요."
89,89,일반대화,"주말에 무슨 계획 있어요?
아직은 없는데, 같이 놀러 갈까요?"
90,90,일반대화,"점심 뭐 먹을까 고민 중이에요.
저는 파스타 먹을 생각인데, 같이 먹을래요?"
91,91,일반대화,"이번 프로젝트 잘 진행되고 있나요?
네, 팀원들과 열심히 준비하고 있어요."
92,92,일반대화,"어제 본 영화가 정말 재미있었어요.
어떤 영화였어요? 저도 궁금하네요."
93,93,일반대화,"점심 뭐 먹을까 고민 중이에요.
저는 파스타 먹을 생각인데, 같이 먹을래요?"
94,94,일반대화,"이번 주말에 등산 갈 생각이에요.
좋은 생각이네요! 저도 같이 가고 싶어요."
95,95,일반대화,"점심 뭐 먹을까 고민 중이에요.
저는 파스타 먹을 생각인데, 같이 먹을래요?"
96,96,일반대화,"안녕하세요, 오늘 날씨가 정말 좋네요.
맞아요, 정말 맑고 따뜻해요."
97,97,일반대화,"점심 뭐 먹을까 고민 중이에요.
저는 파스타 먹을 생각인데, 같이 먹을래요?"
98,98,일반대화,"주말에 무슨 계획 있어요?
아직은 없는데, 같이 놀러 갈까요?"
99,99,일반대화,"지금 읽고 있는 책이 정말 흥미로워요.
어떤 책인가요? 저도 추천해 주세요."
100,100,일반대화,"여행 다녀왔는데 정말 좋았어요.
어디로 다녀오셨나요? 여행 얘기 들려주세요."
101,101,일반대화,"이번 주말에 등산 갈 생각이에요.
좋은 생각이네요! 저도 같이 가고 싶어요."
102,102,일반대화,"주말에 무슨 계획 있어요?
아직은 없는데, 같이 놀러 갈까요?"
103,103,일반대화,"어제 본 영화가 정말 재미있었어요.
어떤 영화였어요? 저도 궁금하네요."
104,104,일반대화,"지금 읽고 있는 책이 정말 흥미로워요.
어떤 책인가요? 저도 추천해 주세요."
105,105,일반대화,"어제 본 영화가 정말 재미있었어요.
어떤 영화였어요? 저도 궁금하네요."
106,106,일반대화,"지금 읽고 있는 책이 정말 흥미로워요.
어떤 책인가요? 저도 추천해 주세요."
107,107,일반대화,"점심 뭐 먹을까 고민 중이에요.
저는 파스타 먹을 생각인데, 같이 먹을래요?"
108,108,일반대화,"이번 프로젝트 잘 진행되고 있나요?
네, 팀원들과 열심히 준비하고 있어요."
109,109,일반대화,"점심 뭐 먹을까 고민 중이에요.
저는 파스타 먹을 생각인데, 같이 먹을래요?"
110,110,일반대화,"여행 다녀왔는데 정말 좋았어요.
어디로 다녀오셨나요? 여행 얘기 들려주세요."
111,111,일반대화,"점심 뭐 먹을까 고민 중이에요.
저는 파스타 먹을 생각인데, 같이 먹을래요?"
112,112,일반대화,"주말에 무슨 계획 있어요?
아직은 없는데, 같이 놀러 갈까요?"
113,113,일반대화,"이번 주말에 등산 갈 생각이에요.
좋은 생각이네요! 저도 같이 가고 싶어요."
114,114,일반대화,"새로운 취미를 시작했어요.
오, 무슨 취미인가요? 저도 같이 해보고 싶네요."
115,115,일반대화,"여행 다녀왔는데 정말 좋았어요.
어디로 다녀오셨나요? 여행 얘기 들려주세요."
116,116,일반대화,"어제 본 영화가 정말 재미있었어요.
어떤 영화였어요? 저도 궁금하네요."
117,117,일반대화,"이번 주말에 등산 갈 생각이에요.
좋은 생각이네요! 저도 같이 가고 싶어요."
118,118,일반대화,"어제 본 영화가 정말 재미있었어요.
어떤 영화였어요? 저도 궁금하네요."
119,119,일반대화,"지금 읽고 있는 책이 정말 흥미로워요.
어떤 책인가요? 저도 추천해 주세요."
120,120,일반대화,"여행 다녀왔는데 정말 좋았어요.
어디로 다녀오셨나요? 여행 얘기 들려주세요."
121,121,일반대화,"이번 주말에 등산 갈 생각이에요.
좋은 생각이네요! 저도 같이 가고 싶어요."
122,122,일반대화,"어제 본 영화가 정말 재미있었어요.
어떤 영화였어요? 저도 궁금하네요."
123,123,일반대화,"안녕하세요, 오늘 날씨가 정말 좋네요.
맞아요, 정말 맑고 따뜻해요."
124,124,일반대화,"이번 주말에 등산 갈 생각이에요.
좋은 생각이네요! 저도 같이 가고 싶어요."
125,125,일반대화,"주말에 무슨 계획 있어요?
아직은 없는데, 같이 놀러 갈까요?"
126,126,일반대화,"점심 뭐 먹을까 고민 중이에요.
저는 파스타 먹을 생각인데, 같이 먹을래요?"
127,127,일반대화,"오늘 저녁에 뭐 하세요?
아직 계획이 없어요. 저녁 같이 드실래요?"
128,128,일반대화,"주말에 무슨 계획 있어요?
아직은 없는데, 같이 놀러 갈까요?"
129,129,일반대화,"안녕하세요, 오늘 날씨가 정말 좋네요.
맞아요, 정말 맑고 따뜻해요."
130,130,일반대화,"이번 프로젝트 잘 진행되고 있나요?
네, 팀원들과 열심히 준비하고 있어요."
131,131,일반대화,"오늘 저녁에 뭐 하세요?
아직 계획이 없어요. 저녁 같이 드실래요?"
132,132,일반대화,"이번 주말에 등산 갈 생각이에요.
좋은 생각이네요! 저도 같이 가고 싶어요."
133,133,일반대화,"점심 뭐 먹을까 고민 중이에요.
저는 파스타 먹을 생각인데, 같이 먹을래요?"
134,134,일반대화,"이번 주말에 등산 갈 생각이에요.
좋은 생각이네요! 저도 같이 가고 싶어요."
135,135,일반대화,"안녕하세요, 오늘 날씨가 정말 좋네요.
맞아요, 정말 맑고 따뜻해요."
136,136,일반대화,"점심 뭐 먹을까 고민 중이에요.
저는 파스타 먹을 생각인데, 같이 먹을래요?"
137,137,일반대화,"안녕하세요, 오늘 날씨가 정말 좋네요.
맞아요, 정말 맑고 따뜻해요."
138,138,일반대화,"새로운 취미를 시작했어요.
오, 무슨 취미인가요? 저도 같이 해보고 싶네요."
139,139,일반대화,"주말에 무슨 계획 있어요?
아직은 없는데, 같이 놀러 갈까요?"
140,140,일반대화,"어제 본 영화가 정말 재미있었어요.
어떤 영화였어요? 저도 궁금하네요."
141,141,일반대화,"안녕하세요, 오늘 날씨가 정말 좋네요.
맞아요, 정말 맑고 따뜻해요."
142,142,일반대화,"어제 본 영화가 정말 재미있었어요.
어떤 영화였어요? 저도 궁금하네요."
143,143,일반대화,"이번 프로젝트 잘 진행되고 있나요?
네, 팀원들과 열심히 준비하고 있어요."
144,144,일반대화,"새로운 취미를 시작했어요.
오, 무슨 취미인가요? 저도 같이 해보고 싶네요."
145,145,일반대화,"지금 읽고 있는 책이 정말 흥미로워요.
어떤 책인가요? 저도 추천해 주세요."
146,146,일반대화,"안녕하세요, 오늘 날씨가 정말 좋네요.
맞아요, 정말 맑고 따뜻해요."
147,147,일반대화,"새로운 취미를 시작했어요.
오, 무슨 취미인가요? 저도 같이 해보고 싶네요."
148,148,일반대화,"점심 뭐 먹을까 고민 중이에요.
저는 파스타 먹을 생각인데, 같이 먹을래요?"
149,149,일반대화,"어제 본 영화가 정말 재미있었어요.
어떤 영화였어요? 저도 궁금하네요."
150,150,일반대화,"주말에 무슨 계획 있어요?
아직은 없는데, 같이 놀러 갈까요?"
151,151,일반대화,"이번 주말에 등산 갈 생각이에요.
좋은 생각이네요! 저도 같이 가고 싶어요."
152,152,일반대화,"여행 다녀왔는데 정말 좋았어요.
어디로 다녀오셨나요? 여행 얘기 들려주세요."
153,153,일반대화,"여행 다녀왔는데 정말 좋았어요.
어디로 다녀오셨나요? 여행 얘기 들려주세요."
154,154,일반대화,"점심 뭐 먹을까 고민 중이에요.
저는 파스타 먹을 생각인데, 같이 먹을래요?"
155,155,일반대화,"어제 본 영화가 정말 재미있었어요.
어떤 영화였어요? 저도 궁금하네요."
156,156,일반대화,"안녕하세요, 오늘 날씨가 정말 좋네요.
맞아요, 정말 맑고 따뜻해요."
157,157,일반대화,"이번 주말에 등산 갈 생각이에요.
좋은 생각이네요! 저도 같이 가고 싶어요."
158,158,일반대화,"주말에 무슨 계획 있어요?
아직은 없는데, 같이 놀러 갈까요?"
159,159,일반대화,"이번 주말에 등산 갈 생각이에요.
좋은 생각이네요! 저도 같이 가고 싶어요."
160,160,일반대화,"새로운 취미를 시작했어요.
오, 무슨 취미인가요? 저도 같이 해보고 싶네요."
161,161,일반대화,"어제 본 영화가 정말 재미있었어요.
어떤 영화였어요? 저도 궁금하네요."
162,162,일반대화,"주말에 무슨 계획 있어요?
아직은 없는데, 같이 놀러 갈까요?"
163,163,일반대화,"여행 다녀왔는데 정말 좋았어요.
어디로 다녀오셨나요? 여행 얘기 들려주세요."
164,164,일반대화,"안녕하세요, 오늘 날씨가 정말 좋네요.
맞아요, 정말 맑고 따뜻해요."
165,165,일반대화,"어제 본 영화가 정말 재미있었어요.
어떤 영화였어요? 저도 궁금하네요."
166,166,일반대화,"이번 주말에 등산 갈 생각이에요.
좋은 생각이네요! 저도 같이 가고 싶어요."
167,167,일반대화,"점심 뭐 먹을까 고민 중이에요.
저는 파스타 먹을 생각인데, 같이 먹을래요?"
168,168,일반대화,"여행 다녀왔는데 정말 좋았어요.
어디로 다녀오셨나요? 여행 얘기 들려주세요."
169,169,일반대화,"어제 본 영화가 정말 재미있었어요.
어떤 영화였어요? 저도 궁금하네요."
170,170,일반대화,"안녕하세요, 오늘 날씨가 정말 좋네요.
맞아요, 정말 맑고 따뜻해요."
171,171,일반대화,"새로운 취미를 시작했어요.
오, 무슨 취미인가요? 저도 같이 해보고 싶네요."
172,172,일반대화,"점심 뭐 먹을까 고민 중이에요.
저는 파스타 먹을 생각인데, 같이 먹을래요?"
173,173,일반대화,"여행 다녀왔는데 정말 좋았어요.
어디로 다녀오셨나요? 여행 얘기 들려주세요."
174,174,일반대화,"오늘 저녁에 뭐 하세요?
아직 계획이 없어요. 저녁 같이 드실래요?"
175,175,일반대화,"이번 프로젝트 잘 진행되고 있나요?
네, 팀원들과 열심히 준비하고 있어요."
176,176,일반대화,"이번 주말에 등산 갈 생각이에요.
좋은 생각이네요! 저도 같이 가고 싶어요."
177,177,일반대화,"어제 본 영화가 정말 재미있었어요.
어떤 영화였어요? 저도 궁금하네요."
178,178,일반대화,"어제 본 영화가 정말 재미있었어요.
어떤 영화였어요? 저도 궁금하네요."
179,179,일반대화,"주말에 무슨 계획 있어요?
아직은 없는데, 같이 놀러 갈까요?"
180,180,일반대화,"어제 본 영화가 정말 재미있었어요.
어떤 영화였어요? 저도 궁금하네요."
181,181,일반대화,"안녕하세요, 오늘 날씨가 정말 좋네요.
맞아요, 정말 맑고 따뜻해요."
182,182,일반대화,"점심 뭐 먹을까 고민 중이에요.
저는 파스타 먹을 생각인데, 같이 먹을래요?"
183,183,일반대화,"어제 본 영화가 정말 재미있었어요.
어떤 영화였어요? 저도 궁금하네요."
184,184,일반대화,"안녕하세요, 오늘 날씨가 정말 좋네요.
맞아요, 정말 맑고 따뜻해요."
185,185,일반대화,"지금 읽고 있는 책이 정말 흥미로워요.
어떤 책인가요? 저도 추천해 주세요."
186,186,일반대화,"이번 프로젝트 잘 진행되고 있나요?
네, 팀원들과 열심히 준비하고 있어요."
187,187,일반대화,"어제 본 영화가 정말 재미있었어요.
어떤 영화였어요? 저도 궁금하네요."
188,188,일반대화,"이번 주말에 등산 갈 생각이에요.
좋은 생각이네요! 저도 같이 가고 싶어요."
189,189,일반대화,"여행 다녀왔는데 정말 좋았어요.
어디로 다녀오셨나요? 여행 얘기 들려주세요."
190,190,일반대화,"점심 뭐 먹을까 고민 중이에요.
저는 파스타 먹을 생각인데, 같이 먹을래요?"
191,191,일반대화,"어제 본 영화가 정말 재미있었어요.
어떤 영화였어요? 저도 궁금하네요."
192,192,일반대화,"주말에 무슨 계획 있어요?
아직은 없는데, 같이 놀러 갈까요?"
193,193,일반대화,"여행 다녀왔는데 정말 좋았어요.
어디로 다녀오셨나요? 여행 얘기 들려주세요."
194,194,일반대화,"점심 뭐 먹을까 고민 중이에요.
저는 파스타 먹을 생각인데, 같이 먹을래요?"
195,195,일반대화,"여행 다녀왔는데 정말 좋았어요.
어디로 다녀오셨나요? 여행 얘기 들려주세요."
196,196,일반대화,"어제 본 영화가 정말 재미있었어요.
어떤 영화였어요? 저도 궁금하네요."
197,197,일반대화,"이번 주말에 등산 갈 생각이에요.
좋은 생각이네요! 저도 같이 가고 싶어요."
198,198,일반대화,"안녕하세요, 오늘 날씨가 정말 좋네요.
맞아요, 정말 맑고 따뜻해요."
199,199,일반대화,"이번 주말에 등산 갈 생각이에요.
좋은 생각이네요! 저도 같이 가고 싶어요."
200,200,일반대화,"안녕하세요, 오늘 날씨가 정말 좋네요.
맞아요, 정말 맑고 따뜻해요."
201,201,일반대화,"이번 주말에 등산 갈 생각이에요.
좋은 생각이네요! 저도 같이 가고 싶어요."
202,202,일반대화,"안녕하세요, 오늘 날씨가 정말 좋네요.
맞아요, 정말 맑고 따뜻해요."
203,203,일반대화,"주말에 무슨 계획 있어요?
아직은 없는데, 같이 놀러 갈까요?"
204,204,일반대화,"지금 읽고 있는 책이 정말 흥미로워요.
어떤 책인가요? 저도 추천해 주세요."
205,205,일반대화,"이번 프로젝트 잘 진행되고 있나요?
네, 팀원들과 열심히 준비하고 있어요."
206,206,일반대화,"이번 프로젝트 잘 진행되고 있나요?
네, 팀원들과 열심히 준비하고 있어요."
207,207,일반대화,"이번 주말에 등산 갈 생각이에요.
좋은 생각이네요! 저도 같이 가고 싶어요."
208,208,일반대화,"지금 읽고 있는 책이 정말 흥미로워요.
어떤 책인가요? 저도 추천해 주세요."
209,209,일반대화,"지금 읽고 있는 책이 정말 흥미로워요.
어떤 책인가요? 저도 추천해 주세요."
210,210,일반대화,"오늘 저녁에 뭐 하세요?
아직 계획이 없어요. 저녁 같이 드실래요?"
211,211,일반대화,"새로운 취미를 시작했어요.
오, 무슨 취미인가요? 저도 같이 해보고 싶네요."
212,212,일반대화,"지금 읽고 있는 책이 정말 흥미로워요.
어떤 책인가요? 저도 추천해 주세요."
213,213,일반대화,"안녕하세요, 오늘 날씨가 정말 좋네요.
맞아요, 정말 맑고 따뜻해요."
214,214,일반대화,"새로운 취미를 시작했어요.
오, 무슨 취미인가요? 저도 같이 해보고 싶네요."
215,215,일반대화,"주말에 무슨 계획 있어요?
아직은 없는데, 같이 놀러 갈까요?"
216,216,일반대화,"새로운 취미를 시작했어요.
오, 무슨 취미인가요? 저도 같이 해보고 싶네요."
217,217,일반대화,"오늘 저녁에 뭐 하세요?
아직 계획이 없어요. 저녁 같이 드실래요?"
218,218,일반대화,"안녕하세요, 오늘 날씨가 정말 좋네요.
맞아요, 정말 맑고 따뜻해요."
219,219,일반대화,"여행 다녀왔는데 정말 좋았어요.
어디로 다녀오셨나요? 여행 얘기 들려주세요."
220,220,일반대화,"여행 다녀왔는데 정말 좋았어요.
어디로 다녀오셨나요? 여행 얘기 들려주세요."
221,221,일반대화,"주말에 무슨 계획 있어요?
아직은 없는데, 같이 놀러 갈까요?"
222,222,일반대화,"이번 주말에 등산 갈 생각이에요.
좋은 생각이네요! 저도 같이 가고 싶어요."
223,223,일반대화,"지금 읽고 있는 책이 정말 흥미로워요.
어떤 책인가요? 저도 추천해 주세요."
224,224,일반대화,"점심 뭐 먹을까 고민 중이에요.
저는 파스타 먹을 생각인데, 같이 먹을래요?"
225,225,일반대화,"이번 프로젝트 잘 진행되고 있나요?
네, 팀원들과 열심히 준비하고 있어요."
226,226,일반대화,"이번 주말에 등산 갈 생각이에요.
좋은 생각이네요! 저도 같이 가고 싶어요."
227,227,일반대화,"오늘 저녁에 뭐 하세요?
아직 계획이 없어요. 저녁 같이 드실래요?"
228,228,일반대화,"오늘 저녁에 뭐 하세요?
아직 계획이 없어요. 저녁 같이 드실래요?"
229,229,일반대화,"안녕하세요, 오늘 날씨가 정말 좋네요.
맞아요, 정말 맑고 따뜻해요."
230,230,일반대화,"새로운 취미를 시작했어요.
오, 무슨 취미인가요? 저도 같이 해보고 싶네요."
231,231,일반대화,"지금 읽고 있는 책이 정말 흥미로워요.
어떤 책인가요? 저도 추천해 주세요."
232,232,일반대화,"새로운 취미를 시작했어요.
오, 무슨 취미인가요? 저도 같이 해보고 싶네요."
233,233,일반대화,"오늘 저녁에 뭐 하세요?
아직 계획이 없어요. 저녁 같이 드실래요?"
234,234,일반대화,"지금 읽고 있는 책이 정말 흥미로워요.
어떤 책인가요? 저도 추천해 주세요."
235,235,일반대화,"안녕하세요, 오늘 날씨가 정말 좋네요.
맞아요, 정말 맑고 따뜻해요."
236,236,일반대화,"어제 본 영화가 정말 재미있었어요.
어떤 영화였어요? 저도 궁금하네요."
237,237,일반대화,"새로운 취미를 시작했어요.
오, 무슨 취미인가요? 저도 같이 해보고 싶네요."
238,238,일반대화,"이번 주말에 등산 갈 생각이에요.
좋은 생각이네요! 저도 같이 가고 싶어요."
239,239,일반대화,"오늘 저녁에 뭐 하세요?
아직 계획이 없어요. 저녁 같이 드실래요?"
240,240,일반대화,"주말에 무슨 계획 있어요?
아직은 없는데, 같이 놀러 갈까요?"
241,241,일반대화,"지금 읽고 있는 책이 정말 흥미로워요.
어떤 책인가요? 저도 추천해 주세요."
242,242,일반대화,"이번 프로젝트 잘 진행되고 있나요?
네, 팀원들과 열심히 준비하고 있어요."
243,243,일반대화,"오늘 저녁에 뭐 하세요?
아직 계획이 없어요. 저녁 같이 드실래요?"
244,244,일반대화,"새로운 취미를 시작했어요.
오, 무슨 취미인가요? 저도 같이 해보고 싶네요."
245,245,일반대화,"오늘 저녁에 뭐 하세요?
아직 계획이 없어요. 저녁 같이 드실래요?"
246,246,일반대화,"이번 프로젝트 잘 진행되고 있나요?
네, 팀원들과 열심히 준비하고 있어요."
247,247,일반대화,"지금 읽고 있는 책이 정말 흥미로워요.
어떤 책인가요? 저도 추천해 주세요."
248,248,일반대화,"지금 읽고 있는 책이 정말 흥미로워요.
어떤 책인가요? 저도 추천해 주세요."
249,249,일반대화,"여행 다녀왔는데 정말 좋았어요.
어디로 다녀오셨나요? 여행 얘기 들려주세요."
250,250,일반대화,"점심 뭐 먹을까 고민 중이에요.
저는 파스타 먹을 생각인데, 같이 먹을래요?"
251,251,일반대화,"점심 뭐 먹을까 고민 중이에요.
저는 파스타 먹을 생각인데, 같이 먹을래요?"
252,252,일반대화,"오늘 저녁에 뭐 하세요?
아직 계획이 없어요. 저녁 같이 드실래요?"
253,253,일반대화,"지금 읽고 있는 책이 정말 흥미로워요.
어떤 책인가요? 저도 추천해 주세요."
254,254,일반대화,"지금 읽고 있는 책이 정말 흥미로워요.
어떤 책인가요? 저도 추천해 주세요."
255,255,일반대화,"이번 주말에 등산 갈 생각이에요.
좋은 생각이네요! 저도 같이 가고 싶어요."
256,256,일반대화,"여행 다녀왔는데 정말 좋았어요.
어디로 다녀오셨나요? 여행 얘기 들려주세요."
257,257,일반대화,"여행 다녀왔는데 정말 좋았어요.
어디로 다녀오셨나요? 여행 얘기 들려주세요."
258,258,일반대화,"새로운 취미를 시작했어요.
오, 무슨 취미인가요? 저도 같이 해보고 싶네요."
259,259,일반대화,"새로운 취미를 시작했어요.
오, 무슨 취미인가요? 저도 같이 해보고 싶네요."
260,260,일반대화,"어제 본 영화가 정말 재미있었어요.
어떤 영화였어요? 저도 궁금하네요."
261,261,일반대화,"점심 뭐 먹을까 고민 중이에요.
저는 파스타 먹을 생각인데, 같이 먹을래요?"
262,262,일반대화,"이번 주말에 등산 갈 생각이에요.
좋은 생각이네요! 저도 같이 가고 싶어요."
263,263,일반대화,"새로운 취미를 시작했어요.
오, 무슨 취미인가요? 저도 같이 해보고 싶네요."
264,264,일반대화,"어제 본 영화가 정말 재미있었어요.
어떤 영화였어요? 저도 궁금하네요."
265,265,일반대화,"안녕하세요, 오늘 날씨가 정말 좋네요.
맞아요, 정말 맑고 따뜻해요."
266,266,일반대화,"지금 읽고 있는 책이 정말 흥미로워요.
어떤 책인가요? 저도 추천해 주세요."
267,267,일반대화,"이번 주말에 등산 갈 생각이에요.
좋은 생각이네요! 저도 같이 가고 싶어요."
268,268,일반대화,"어제 본 영화가 정말 재미있었어요.
어떤 영화였어요? 저도 궁금하네요."
269,269,일반대화,"점심 뭐 먹을까 고민 중이에요.
저는 파스타 먹을 생각인데, 같이 먹을래요?"
270,270,일반대화,"안녕하세요, 오늘 날씨가 정말 좋네요.
맞아요, 정말 맑고 따뜻해요."
271,271,일반대화,"점심 뭐 먹을까 고민 중이에요.
저는 파스타 먹을 생각인데, 같이 먹을래요?"
272,272,일반대화,"여행 다녀왔는데 정말 좋았어요.
어디로 다녀오셨나요? 여행 얘기 들려주세요."
273,273,일반대화,"이번 프로젝트 잘 진행되고 있나요?
네, 팀원들과 열심히 준비하고 있어요."
274,274,일반대화,"어제 본 영화가 정말 재미있었어요.
어떤 영화였어요? 저도 궁금하네요."
275,275,일반대화,"이번 프로젝트 잘 진행되고 있나요?
네, 팀원들과 열심히 준비하고 있어요."
276,276,일반대화,"점심 뭐 먹을까 고민 중이에요.
저는 파스타 먹을 생각인데, 같이 먹을래요?"
277,277,일반대화,"점심 뭐 먹을까 고민 중이에요.
저는 파스타 먹을 생각인데, 같이 먹을래요?"
278,278,일반대화,"이번 프로젝트 잘 진행되고 있나요?
네, 팀원들과 열심히 준비하고 있어요."
279,279,일반대화,"어제 본 영화가 정말 재미있었어요.
어떤 영화였어요? 저도 궁금하네요."
280,280,일반대화,"오늘 저녁에 뭐 하세요?
아직 계획이 없어요. 저녁 같이 드실래요?"
281,281,일반대화,"여행 다녀왔는데 정말 좋았어요.
어디로 다녀오셨나요? 여행 얘기 들려주세요."
282,282,일반대화,"새로운 취미를 시작했어요.
오, 무슨 취미인가요? 저도 같이 해보고 싶네요."
283,283,일반대화,"어제 본 영화가 정말 재미있었어요.
어떤 영화였어요? 저도 궁금하네요."
284,284,일반대화,"지금 읽고 있는 책이 정말 흥미로워요.
어떤 책인가요? 저도 추천해 주세요."
285,285,일반대화,"어제 본 영화가 정말 재미있었어요.
어떤 영화였어요? 저도 궁금하네요."
286,286,일반대화,"이번 주말에 등산 갈 생각이에요.
좋은 생각이네요! 저도 같이 가고 싶어요."
287,287,일반대화,"이번 주말에 등산 갈 생각이에요.
좋은 생각이네요! 저도 같이 가고 싶어요."
288,288,일반대화,"점심 뭐 먹을까 고민 중이에요.
저는 파스타 먹을 생각인데, 같이 먹을래요?"
289,289,일반대화,"안녕하세요, 오늘 날씨가 정말 좋네요.
맞아요, 정말 맑고 따뜻해요."
290,290,일반대화,"점심 뭐 먹을까 고민 중이에요.
저는 파스타 먹을 생각인데, 같이 먹을래요?"
291,291,일반대화,"주말에 무슨 계획 있어요?
아직은 없는데, 같이 놀러 갈까요?"
292,292,일반대화,"오늘 저녁에 뭐 하세요?
아직 계획이 없어요. 저녁 같이 드실래요?"
293,293,일반대화,"이번 주말에 등산 갈 생각이에요.
좋은 생각이네요! 저도 같이 가고 싶어요."
294,294,일반대화,"새로운 취미를 시작했어요.
오, 무슨 취미인가요? 저도 같이 해보고 싶네요."
295,295,일반대화,"어제 본 영화가 정말 재미있었어요.
어떤 영화였어요? 저도 궁금하네요."
296,296,일반대화,"여행 다녀왔는데 정말 좋았어요.
어디로 다녀오셨나요? 여행 얘기 들려주세요."
297,297,일반대화,"새로운 취미를 시작했어요.
오, 무슨 취미인가요? 저도 같이 해보고 싶네요."
298,298,일반대화,"안녕하세요, 오늘 날씨가 정말 좋네요.
맞아요, 정말 맑고 따뜻해요."
299,299,일반대화,"여행 다녀왔는데 정말 좋았어요.
어디로 다녀오셨나요? 여행 얘기 들려주세요."
300,300,일반대화,"안녕하세요, 오늘 날씨가 정말 좋네요.
맞아요, 정말 맑고 따뜻해요."
301,301,일반대화,"지금 읽고 있는 책이 정말 흥미로워요.
어떤 책인가요? 저도 추천해 주세요."
302,302,일반대화,"오늘 저녁에 뭐 하세요?
아직 계획이 없어요. 저녁 같이 드실래요?"
303,303,일반대화,"점심 뭐 먹을까 고민 중이에요.
저는 파스타 먹을 생각인데, 같이 먹을래요?"
304,304,일반대화,"이번 프로젝트 잘 진행되고 있나요?
네, 팀원들과 열심히 준비하고 있어요."
305,305,일반대화,"주말에 무슨 계획 있어요?
아직은 없는데, 같이 놀러 갈까요?"
306,306,일반대화,"주말에 무슨 계획 있어요?
아직은 없는데, 같이 놀러 갈까요?"
307,307,일반대화,"안녕하세요, 오늘 날씨가 정말 좋네요.
맞아요, 정말 맑고 따뜻해요."
308,308,일반대화,"오늘 저녁에 뭐 하세요?
아직 계획이 없어요. 저녁 같이 드실래요?"
309,309,일반대화,"새로운 취미를 시작했어요.
오, 무슨 취미인가요? 저도 같이 해보고 싶네요."
310,310,일반대화,"오늘 저녁에 뭐 하세요?
아직 계획이 없어요. 저녁 같이 드실래요?"
311,311,일반대화,"이번 프로젝트 잘 진행되고 있나요?
네, 팀원들과 열심히 준비하고 있어요."
312,312,일반대화,"점심 뭐 먹을까 고민 중이에요.
저는 파스타 먹을 생각인데, 같이 먹을래요?"
313,313,일반대화,"안녕하세요, 오늘 날씨가 정말 좋네요.
맞아요, 정말 맑고 따뜻해요."
314,314,일반대화,"이번 주말에 등산 갈 생각이에요.
좋은 생각이네요! 저도 같이 가고 싶어요."
315,315,일반대화,"이번 주말에 등산 갈 생각이에요.
좋은 생각이네요! 저도 같이 가고 싶어요."
316,316,일반대화,"주말에 무슨 계획 있어요?
아직은 없는데, 같이 놀러 갈까요?"
317,317,일반대화,"점심 뭐 먹을까 고민 중이에요.
저는 파스타 먹을 생각인데, 같이 먹을래요?"
318,318,일반대화,"안녕하세요, 오늘 날씨가 정말 좋네요.
맞아요, 정말 맑고 따뜻해요."
319,319,일반대화,"주말에 무슨 계획 있어요?
아직은 없는데, 같이 놀러 갈까요?"
320,320,일반대화,"이번 프로젝트 잘 진행되고 있나요?
네, 팀원들과 열심히 준비하고 있어요."
321,321,일반대화,"어제 본 영화가 정말 재미있었어요.
어떤 영화였어요? 저도 궁금하네요."
322,322,일반대화,"여행 다녀왔는데 정말 좋았어요.
어디로 다녀오셨나요? 여행 얘기 들려주세요."
323,323,일반대화,"오늘 저녁에 뭐 하세요?
아직 계획이 없어요. 저녁 같이 드실래요?"
324,324,일반대화,"오늘 저녁에 뭐 하세요?
아직 계획이 없어요. 저녁 같이 드실래요?"
325,325,일반대화,"이번 프로젝트 잘 진행되고 있나요?
네, 팀원들과 열심히 준비하고 있어요."
326,326,일반대화,"이번 프로젝트 잘 진행되고 있나요?
네, 팀원들과 열심히 준비하고 있어요."
327,327,일반대화,"여행 다녀왔는데 정말 좋았어요.
어디로 다녀오셨나요? 여행 얘기 들려주세요."
328,328,일반대화,"여행 다녀왔는데 정말 좋았어요.
어디로 다녀오셨나요? 여행 얘기 들려주세요."
329,329,일반대화,"어제 본 영화가 정말 재미있었어요.
어떤 영화였어요? 저도 궁금하네요."
330,330,일반대화,"이번 주말에 등산 갈 생각이에요.
좋은 생각이네요! 저도 같이 가고 싶어요."
331,331,일반대화,"어제 본 영화가 정말 재미있었어요.
어떤 영화였어요? 저도 궁금하네요."
332,332,일반대화,"여행 다녀왔는데 정말 좋았어요.
어디로 다녀오셨나요? 여행 얘기 들려주세요."
333,333,일반대화,"새로운 취미를 시작했어요.
오, 무슨 취미인가요? 저도 같이 해보고 싶네요."
334,334,일반대화,"여행 다녀왔는데 정말 좋았어요.
어디로 다녀오셨나요? 여행 얘기 들려주세요."
335,335,일반대화,"새로운 취미를 시작했어요.
오, 무슨 취미인가요? 저도 같이 해보고 싶네요."
336,336,일반대화,"이번 프로젝트 잘 진행되고 있나요?
네, 팀원들과 열심히 준비하고 있어요."
337,337,일반대화,"어제 본 영화가 정말 재미있었어요.
어떤 영화였어요? 저도 궁금하네요."
338,338,일반대화,"새로운 취미를 시작했어요.
오, 무슨 취미인가요? 저도 같이 해보고 싶네요."
339,339,일반대화,"이번 프로젝트 잘 진행되고 있나요?
네, 팀원들과 열심히 준비하고 있어요."
340,340,일반대화,"어제 본 영화가 정말 재미있었어요.
어떤 영화였어요? 저도 궁금하네요."
341,341,일반대화,"여행 다녀왔는데 정말 좋았어요.
어디로 다녀오셨나요? 여행 얘기 들려주세요."
342,342,일반대화,"안녕하세요, 오늘 날씨가 정말 좋네요.
맞아요, 정말 맑고 따뜻해요."
343,343,일반대화,"점심 뭐 먹을까 고민 중이에요.
저는 파스타 먹을 생각인데, 같이 먹을래요?"
344,344,일반대화,"여행 다녀왔는데 정말 좋았어요.
어디로 다녀오셨나요? 여행 얘기 들려주세요."
345,345,일반대화,"여행 다녀왔는데 정말 좋았어요.
어디로 다녀오셨나요? 여행 얘기 들려주세요."
346,346,일반대화,"오늘 저녁에 뭐 하세요?
아직 계획이 없어요. 저녁 같이 드실래요?"
347,347,일반대화,"주말에 무슨 계획 있어요?
아직은 없는데, 같이 놀러 갈까요?"
348,348,일반대화,"어제 본 영화가 정말 재미있었어요.
어떤 영화였어요? 저도 궁금하네요."
349,349,일반대화,"오늘 저녁에 뭐 하세요?
아직 계획이 없어요. 저녁 같이 드실래요?"
350,350,일반대화,"안녕하세요, 오늘 날씨가 정말 좋네요.
맞아요, 정말 맑고 따뜻해요."
351,351,일반대화,"이번 주말에 등산 갈 생각이에요.
좋은 생각이네요! 저도 같이 가고 싶어요."
352,352,일반대화,"이번 주말에 등산 갈 생각이에요.
좋은 생각이네요! 저도 같이 가고 싶어요."
353,353,일반대화,"이번 프로젝트 잘 진행되고 있나요?
네, 팀원들과 열심히 준비하고 있어요."
354,354,일반대화,"여행 다녀왔는데 정말 좋았어요.
어디로 다녀오셨나요? 여행 얘기 들려주세요."
355,355,일반대화,"새로운 취미를 시작했어요.
오, 무슨 취미인가요? 저도 같이 해보고 싶네요."
356,356,일반대화,"새로운 취미를 시작했어요.
오, 무슨 취미인가요? 저도 같이 해보고 싶네요."
357,357,일반대화,"이번 프로젝트 잘 진행되고 있나요?
네, 팀원들과 열심히 준비하고 있어요."
358,358,일반대화,"어제 본 영화가 정말 재미있었어요.
어떤 영화였어요? 저도 궁금하네요."
359,359,일반대화,"점심 뭐 먹을까 고민 중이에요.
저는 파스타 먹을 생각인데, 같이 먹을래요?"
360,360,일반대화,"점심 뭐 먹을까 고민 중이에요.
저는 파스타 먹을 생각인데, 같이 먹을래요?"
361,361,일반대화,"안녕하세요, 오늘 날씨가 정말 좋네요.
맞아요, 정말 맑고 따뜻해요."
362,362,일반대화,"새로운 취미를 시작했어요.
오, 무슨 취미인가요? 저도 같이 해보고 싶네요."
363,363,일반대화,"오늘 저녁에 뭐 하세요?
아직 계획이 없어요. 저녁 같이 드실래요?"
364,364,일반대화,"이번 프로젝트 잘 진행되고 있나요?
네, 팀원들과 열심히 준비하고 있어요."
365,365,일반대화,"여행 다녀왔는데 정말 좋았어요.
어디로 다녀오셨나요? 여행 얘기 들려주세요."
366,366,일반대화,"어제 본 영화가 정말 재미있었어요.
어떤 영화였어요? 저도 궁금하네요."
367,367,일반대화,"이번 프로젝트 잘 진행되고 있나요?
네, 팀원들과 열심히 준비하고 있어요."
368,368,일반대화,"지금 읽고 있는 책이 정말 흥미로워요.
어떤 책인가요? 저도 추천해 주세요."
369,369,일반대화,"오늘 저녁에 뭐 하세요?
아직 계획이 없어요. 저녁 같이 드실래요?"
370,370,일반대화,"점심 뭐 먹을까 고민 중이에요.
저는 파스타 먹을 생각인데, 같이 먹을래요?"
371,371,일반대화,"점심 뭐 먹을까 고민 중이에요.
저는 파스타 먹을 생각인데, 같이 먹을래요?"
372,372,일반대화,"오늘 저녁에 뭐 하세요?
아직 계획이 없어요. 저녁 같이 드실래요?"
373,373,일반대화,"어제 본 영화가 정말 재미있었어요.
어떤 영화였어요? 저도 궁금하네요."
374,374,일반대화,"새로운 취미를 시작했어요.
오, 무슨 취미인가요? 저도 같이 해보고 싶네요."
375,375,일반대화,"어제 본 영화가 정말 재미있었어요.
어떤 영화였어요? 저도 궁금하네요."
376,376,일반대화,"점심 뭐 먹을까 고민 중이에요.
저는 파스타 먹을 생각인데, 같이 먹을래요?"
377,377,일반대화,"지금 읽고 있는 책이 정말 흥미로워요.
어떤 책인가요? 저도 추천해 주세요."
378,378,일반대화,"점심 뭐 먹을까 고민 중이에요.
저는 파스타 먹을 생각인데, 같이 먹을래요?"
379,379,일반대화,"어제 본 영화가 정말 재미있었어요.
어떤 영화였어요? 저도 궁금하네요."
380,380,일반대화,"점심 뭐 먹을까 고민 중이에요.
저는 파스타 먹을 생각인데, 같이 먹을래요?"
381,381,일반대화,"점심 뭐 먹을까 고민 중이에요.
저는 파스타 먹을 생각인데, 같이 먹을래요?"
382,382,일반대화,"점심 뭐 먹을까 고민 중이에요.
저는 파스타 먹을 생각인데, 같이 먹을래요?"
383,383,일반대화,"새로운 취미를 시작했어요.
오, 무슨 취미인가요? 저도 같이 해보고 싶네요."
384,384,일반대화,"새로운 취미를 시작했어요.
오, 무슨 취미인가요? 저도 같이 해보고 싶네요."
385,385,일반대화,"오늘 저녁에 뭐 하세요?
아직 계획이 없어요. 저녁 같이 드실래요?"
386,386,일반대화,"여행 다녀왔는데 정말 좋았어요.
어디로 다녀오셨나요? 여행 얘기 들려주세요."
387,387,일반대화,"어제 본 영화가 정말 재미있었어요.
어떤 영화였어요? 저도 궁금하네요."
388,388,일반대화,"이번 주말에 등산 갈 생각이에요.
좋은 생각이네요! 저도 같이 가고 싶어요."
389,389,일반대화,"이번 주말에 등산 갈 생각이에요.
좋은 생각이네요! 저도 같이 가고 싶어요."
390,390,일반대화,"지금 읽고 있는 책이 정말 흥미로워요.
어떤 책인가요? 저도 추천해 주세요."
391,391,일반대화,"새로운 취미를 시작했어요.
오, 무슨 취미인가요? 저도 같이 해보고 싶네요."
392,392,일반대화,"새로운 취미를 시작했어요.
오, 무슨 취미인가요? 저도 같이 해보고 싶네요."
393,393,일반대화,"안녕하세요, 오늘 날씨가 정말 좋네요.
맞아요, 정말 맑고 따뜻해요."
394,394,일반대화,"새로운 취미를 시작했어요.
오, 무슨 취미인가요? 저도 같이 해보고 싶네요."
395,395,일반대화,"안녕하세요, 오늘 날씨가 정말 좋네요.
맞아요, 정말 맑고 따뜻해요."
396,396,일반대화,"지금 읽고 있는 책이 정말 흥미로워요.
어떤 책인가요? 저도 추천해 주세요."
397,397,일반대화,"점심 뭐 먹을까 고민 중이에요.
저는 파스타 먹을 생각인데, 같이 먹을래요?"
398,398,일반대화,"오늘 저녁에 뭐 하세요?
아직 계획이 없어요. 저녁 같이 드실래요?"
399,399,일반대화,"주말에 무슨 계획 있어요?
아직은 없는데, 같이 놀러 갈까요?"
400,400,일반대화,"안녕하세요, 오늘 날씨가 정말 좋네요.
맞아요, 정말 맑고 따뜻해요."
401,401,일반대화,"여행 다녀왔는데 정말 좋았어요.
어디로 다녀오셨나요? 여행 얘기 들려주세요."
402,402,일반대화,"이번 프로젝트 잘 진행되고 있나요?
네, 팀원들과 열심히 준비하고 있어요."
403,403,일반대화,"안녕하세요, 오늘 날씨가 정말 좋네요.
맞아요, 정말 맑고 따뜻해요."
404,404,일반대화,"이번 프로젝트 잘 진행되고 있나요?
네, 팀원들과 열심히 준비하고 있어요."
405,405,일반대화,"점심 뭐 먹을까 고민 중이에요.
저는 파스타 먹을 생각인데, 같이 먹을래요?"
406,406,일반대화,"안녕하세요, 오늘 날씨가 정말 좋네요.
맞아요, 정말 맑고 따뜻해요."
407,407,일반대화,"안녕하세요, 오늘 날씨가 정말 좋네요.
맞아요, 정말 맑고 따뜻해요."
408,408,일반대화,"안녕하세요, 오늘 날씨가 정말 좋네요.
맞아요, 정말 맑고 따뜻해요."
409,409,일반대화,"이번 주말에 등산 갈 생각이에요.
좋은 생각이네요! 저도 같이 가고 싶어요."
410,410,일반대화,"새로운 취미를 시작했어요.
오, 무슨 취미인가요? 저도 같이 해보고 싶네요."
411,411,일반대화,"점심 뭐 먹을까 고민 중이에요.
저는 파스타 먹을 생각인데, 같이 먹을래요?"
412,412,일반대화,"주말에 무슨 계획 있어요?
아직은 없는데, 같이 놀러 갈까요?"
413,413,일반대화,"이번 프로젝트 잘 진행되고 있나요?
네, 팀원들과 열심히 준비하고 있어요."
414,414,일반대화,"이번 프로젝트 잘 진행되고 있나요?
네, 팀원들과 열심히 준비하고 있어요."
415,415,일반대화,"새로운 취미를 시작했어요.
오, 무슨 취미인가요? 저도 같이 해보고 싶네요."
416,416,일반대화,"점심 뭐 먹을까 고민 중이에요.
저는 파스타 먹을 생각인데, 같이 먹을래요?"
417,417,일반대화,"이번 주말에 등산 갈 생각이에요.
좋은 생각이네요! 저도 같이 가고 싶어요."
418,418,일반대화,"여행 다녀왔는데 정말 좋았어요.
어디로 다녀오셨나요? 여행 얘기 들려주세요."
419,419,일반대화,"오늘 저녁에 뭐 하세요?
아직 계획이 없어요. 저녁 같이 드실래요?"
420,420,일반대화,"오늘 저녁에 뭐 하세요?
아직 계획이 없어요. 저녁 같이 드실래요?"
421,421,일반대화,"오늘 저녁에 뭐 하세요?
아직 계획이 없어요. 저녁 같이 드실래요?"
422,422,일반대화,"주말에 무슨 계획 있어요?
아직은 없는데, 같이 놀러 갈까요?"
423,423,일반대화,"어제 본 영화가 정말 재미있었어요.
어떤 영화였어요? 저도 궁금하네요."
424,424,일반대화,"여행 다녀왔는데 정말 좋았어요.
어디로 다녀오셨나요? 여행 얘기 들려주세요."
425,425,일반대화,"어제 본 영화가 정말 재미있었어요.
어떤 영화였어요? 저도 궁금하네요."
426,426,일반대화,"오늘 저녁에 뭐 하세요?
아직 계획이 없어요. 저녁 같이 드실래요?"
427,427,일반대화,"이번 프로젝트 잘 진행되고 있나요?
네, 팀원들과 열심히 준비하고 있어요."
428,428,일반대화,"지금 읽고 있는 책이 정말 흥미로워요.
어떤 책인가요? 저도 추천해 주세요."
429,429,일반대화,"이번 프로젝트 잘 진행되고 있나요?
네, 팀원들과 열심히 준비하고 있어요."
430,430,일반대화,"주말에 무슨 계획 있어요?
아직은 없는데, 같이 놀러 갈까요?"
431,431,일반대화,"점심 뭐 먹을까 고민 중이에요.
저는 파스타 먹을 생각인데, 같이 먹을래요?"
432,432,일반대화,"지금 읽고 있는 책이 정말 흥미로워요.
어떤 책인가요? 저도 추천해 주세요."
433,433,일반대화,"지금 읽고 있는 책이 정말 흥미로워요.
어떤 책인가요? 저도 추천해 주세요."
434,434,일반대화,"이번 주말에 등산 갈 생각이에요.
좋은 생각이네요! 저도 같이 가고 싶어요."
435,435,일반대화,"여행 다녀왔는데 정말 좋았어요.
어디로 다녀오셨나요? 여행 얘기 들려주세요."
436,436,일반대화,"지금 읽고 있는 책이 정말 흥미로워요.
어떤 책인가요? 저도 추천해 주세요."
437,437,일반대화,"새로운 취미를 시작했어요.
오, 무슨 취미인가요? 저도 같이 해보고 싶네요."
438,438,일반대화,"주말에 무슨 계획 있어요?
아직은 없는데, 같이 놀러 갈까요?"
439,439,일반대화,"이번 프로젝트 잘 진행되고 있나요?
네, 팀원들과 열심히 준비하고 있어요."
440,440,일반대화,"지금 읽고 있는 책이 정말 흥미로워요.
어떤 책인가요? 저도 추천해 주세요."
441,441,일반대화,"어제 본 영화가 정말 재미있었어요.
어떤 영화였어요? 저도 궁금하네요."
442,442,일반대화,"오늘 저녁에 뭐 하세요?
아직 계획이 없어요. 저녁 같이 드실래요?"
443,443,일반대화,"이번 프로젝트 잘 진행되고 있나요?
네, 팀원들과 열심히 준비하고 있어요."
444,444,일반대화,"어제 본 영화가 정말 재미있었어요.
어떤 영화였어요? 저도 궁금하네요."
445,445,일반대화,"지금 읽고 있는 책이 정말 흥미로워요.
어떤 책인가요? 저도 추천해 주세요."
446,446,일반대화,"여행 다녀왔는데 정말 좋았어요.
어디로 다녀오셨나요? 여행 얘기 들려주세요."
447,447,일반대화,"오늘 저녁에 뭐 하세요?
아직 계획이 없어요. 저녁 같이 드실래요?"
448,448,일반대화,"어제 본 영화가 정말 재미있었어요.
어떤 영화였어요? 저도 궁금하네요."
449,449,일반대화,"지금 읽고 있는 책이 정말 흥미로워요.
어떤 책인가요? 저도 추천해 주세요."
450,450,일반대화,"주말에 무슨 계획 있어요?
아직은 없는데, 같이 놀러 갈까요?"
451,451,일반대화,"지금 읽고 있는 책이 정말 흥미로워요.
어떤 책인가요? 저도 추천해 주세요."
452,452,일반대화,"점심 뭐 먹을까 고민 중이에요.
저는 파스타 먹을 생각인데, 같이 먹을래요?"
453,453,일반대화,"이번 주말에 등산 갈 생각이에요.
좋은 생각이네요! 저도 같이 가고 싶어요."
454,454,일반대화,"주말에 무슨 계획 있어요?
아직은 없는데, 같이 놀러 갈까요?"
455,455,일반대화,"오늘 저녁에 뭐 하세요?
아직 계획이 없어요. 저녁 같이 드실래요?"
456,456,일반대화,"새로운 취미를 시작했어요.
오, 무슨 취미인가요? 저도 같이 해보고 싶네요."
457,457,일반대화,"새로운 취미를 시작했어요.
오, 무슨 취미인가요? 저도 같이 해보고 싶네요."
458,458,일반대화,"어제 본 영화가 정말 재미있었어요.
어떤 영화였어요? 저도 궁금하네요."
459,459,일반대화,"점심 뭐 먹을까 고민 중이에요.
저는 파스타 먹을 생각인데, 같이 먹을래요?"
460,460,일반대화,"여행 다녀왔는데 정말 좋았어요.
어디로 다녀오셨나요? 여행 얘기 들려주세요."
461,461,일반대화,"주말에 무슨 계획 있어요?
아직은 없는데, 같이 놀러 갈까요?"
462,462,일반대화,"여행 다녀왔는데 정말 좋았어요.
어디로 다녀오셨나요? 여행 얘기 들려주세요."
463,463,일반대화,"이번 프로젝트 잘 진행되고 있나요?
네, 팀원들과 열심히 준비하고 있어요."
464,464,일반대화,"이번 주말에 등산 갈 생각이에요.
좋은 생각이네요! 저도 같이 가고 싶어요."
465,465,일반대화,"주말에 무슨 계획 있어요?
아직은 없는데, 같이 놀러 갈까요?"
466,466,일반대화,"여행 다녀왔는데 정말 좋았어요.
어디로 다녀오셨나요? 여행 얘기 들려주세요."
467,467,일반대화,"여행 다녀왔는데 정말 좋았어요.
어디로 다녀오셨나요? 여행 얘기 들려주세요."
468,468,일반대화,"지금 읽고 있는 책이 정말 흥미로워요.
어떤 책인가요? 저도 추천해 주세요."
469,469,일반대화,"새로운 취미를 시작했어요.
오, 무슨 취미인가요? 저도 같이 해보고 싶네요."
470,470,일반대화,"주말에 무슨 계획 있어요?
아직은 없는데, 같이 놀러 갈까요?"
471,471,일반대화,"지금 읽고 있는 책이 정말 흥미로워요.
어떤 책인가요? 저도 추천해 주세요."
472,472,일반대화,"점심 뭐 먹을까 고민 중이에요.
저는 파스타 먹을 생각인데, 같이 먹을래요?"
473,473,일반대화,"지금 읽고 있는 책이 정말 흥미로워요.
어떤 책인가요? 저도 추천해 주세요."
474,474,일반대화,"새로운 취미를 시작했어요.
오, 무슨 취미인가요? 저도 같이 해보고 싶네요."
475,475,일반대화,"새로운 취미를 시작했어요.
오, 무슨 취미인가요? 저도 같이 해보고 싶네요."
476,476,일반대화,"새로운 취미를 시작했어요.
오, 무슨 취미인가요? 저도 같이 해보고 싶네요."
477,477,일반대화,"지금 읽고 있는 책이 정말 흥미로워요.
어떤 책인가요? 저도 추천해 주세요."
478,478,일반대화,"어제 본 영화가 정말 재미있었어요.
어떤 영화였어요? 저도 궁금하네요."
479,479,일반대화,"지금 읽고 있는 책이 정말 흥미로워요.
어떤 책인가요? 저도 추천해 주세요."
480,480,일반대화,"이번 프로젝트 잘 진행되고 있나요?
네, 팀원들과 열심히 준비하고 있어요."
481,481,일반대화,"어제 본 영화가 정말 재미있었어요.
어떤 영화였어요? 저도 궁금하네요."
482,482,일반대화,"주말에 무슨 계획 있어요?
아직은 없는데, 같이 놀러 갈까요?"
483,483,일반대화,"새로운 취미를 시작했어요.
오, 무슨 취미인가요? 저도 같이 해보고 싶네요."
484,484,일반대화,"지금 읽고 있는 책이 정말 흥미로워요.
어떤 책인가요? 저도 추천해 주세요."
485,485,일반대화,"여행 다녀왔는데 정말 좋았어요.
어디로 다녀오셨나요? 여행 얘기 들려주세요."
486,486,일반대화,"어제 본 영화가 정말 재미있었어요.
어떤 영화였어요? 저도 궁금하네요."
487,487,일반대화,"이번 프로젝트 잘 진행되고 있나요?
네, 팀원들과 열심히 준비하고 있어요."
488,488,일반대화,"오늘 저녁에 뭐 하세요?
아직 계획이 없어요. 저녁 같이 드실래요?"
489,489,일반대화,"어제 본 영화가 정말 재미있었어요.
어떤 영화였어요? 저도 궁금하네요."
490,490,일반대화,"안녕하세요, 오늘 날씨가 정말 좋네요.
맞아요, 정말 맑고 따뜻해요."
491,491,일반대화,"어제 본 영화가 정말 재미있었어요.
어떤 영화였어요? 저도 궁금하네요."
492,492,일반대화,"새로운 취미를 시작했어요.
오, 무슨 취미인가요? 저도 같이 해보고 싶네요."
493,493,일반대화,"지금 읽고 있는 책이 정말 흥미로워요.
어떤 책인가요? 저도 추천해 주세요."
494,494,일반대화,"이번 주말에 등산 갈 생각이에요.
좋은 생각이네요! 저도 같이 가고 싶어요."
495,495,일반대화,"새로운 취미를 시작했어요.
오, 무슨 취미인가요? 저도 같이 해보고 싶네요."
496,496,일반대화,"지금 읽고 있는 책이 정말 흥미로워요.
어떤 책인가요? 저도 추천해 주세요."
497,497,일반대화,"어제 본 영화가 정말 재미있었어요.
어떤 영화였어요? 저도 궁금하네요."
498,498,일반대화,"이번 프로젝트 잘 진행되고 있나요?
네, 팀원들과 열심히 준비하고 있어요."
499,499,일반대화,"점심 뭐 먹을까 고민 중이에요.
저는 파스타 먹을 생각인데, 같이 먹을래요?"
500,500,일반대화,"여행 다녀왔는데 정말 좋았어요.
어디로 다녀오셨나요? 여행 얘기 들려주세요."
501,501,일반대화,"지금 읽고 있는 책이 정말 흥미로워요.
어떤 책인가요? 저도 추천해 주세요."
502,502,일반대화,"점심 뭐 먹을까 고민 중이에요.
저는 파스타 먹을 생각인데, 같이 먹을래요?"
503,503,일반대화,"지금 읽고 있는 책이 정말 흥미로워요.
어떤 책인가요? 저도 추천해 주세요."
504,504,일반대화,"지금 읽고 있는 책이 정말 흥미로워요.
어떤 책인가요? 저도 추천해 주세요."
505,505,일반대화,"지금 읽고 있는 책이 정말 흥미로워요.
어떤 책인가요? 저도 추천해 주세요."
506,506,일반대화,"새로운 취미를 시작했어요.
오, 무슨 취미인가요? 저도 같이 해보고 싶네요."
507,507,일반대화,"이번 주말에 등산 갈 생각이에요.
좋은 생각이네요! 저도 같이 가고 싶어요."
508,508,일반대화,"주말에 무슨 계획 있어요?
아직은 없는데, 같이 놀러 갈까요?"
509,509,일반대화,"지금 읽고 있는 책이 정말 흥미로워요.
어떤 책인가요? 저도 추천해 주세요."
510,510,일반대화,"주말에 무슨 계획 있어요?
아직은 없는데, 같이 놀러 갈까요?"
511,511,일반대화,"어제 본 영화가 정말 재미있었어요.
어떤 영화였어요? 저도 궁금하네요."
512,512,일반대화,"점심 뭐 먹을까 고민 중이에요.
저는 파스타 먹을 생각인데, 같이 먹을래요?"
513,513,일반대화,"새로운 취미를 시작했어요.
오, 무슨 취미인가요? 저도 같이 해보고 싶네요."
514,514,일반대화,"점심 뭐 먹을까 고민 중이에요.
저는 파스타 먹을 생각인데, 같이 먹을래요?"
515,515,일반대화,"주말에 무슨 계획 있어요?
아직은 없는데, 같이 놀러 갈까요?"
516,516,일반대화,"지금 읽고 있는 책이 정말 흥미로워요.
어떤 책인가요? 저도 추천해 주세요."
517,517,일반대화,"지금 읽고 있는 책이 정말 흥미로워요.
어떤 책인가요? 저도 추천해 주세요."
518,518,일반대화,"어제 본 영화가 정말 재미있었어요.
어떤 영화였어요? 저도 궁금하네요."
519,519,일반대화,"이번 프로젝트 잘 진행되고 있나요?
네, 팀원들과 열심히 준비하고 있어요."
520,520,일반대화,"여행 다녀왔는데 정말 좋았어요.
어디로 다녀오셨나요? 여행 얘기 들려주세요."
521,521,일반대화,"이번 프로젝트 잘 진행되고 있나요?
네, 팀원들과 열심히 준비하고 있어요."
522,522,일반대화,"어제 본 영화가 정말 재미있었어요.
어떤 영화였어요? 저도 궁금하네요."
523,523,일반대화,"새로운 취미를 시작했어요.
오, 무슨 취미인가요? 저도 같이 해보고 싶네요."
524,524,일반대화,"주말에 무슨 계획 있어요?
아직은 없는데, 같이 놀러 갈까요?"
525,525,일반대화,"지금 읽고 있는 책이 정말 흥미로워요.
어떤 책인가요? 저도 추천해 주세요."
526,526,일반대화,"여행 다녀왔는데 정말 좋았어요.
어디로 다녀오셨나요? 여행 얘기 들려주세요."
527,527,일반대화,"여행 다녀왔는데 정말 좋았어요.
어디로 다녀오셨나요? 여행 얘기 들려주세요."
528,528,일반대화,"주말에 무슨 계획 있어요?
아직은 없는데, 같이 놀러 갈까요?"
529,529,일반대화,"이번 프로젝트 잘 진행되고 있나요?
네, 팀원들과 열심히 준비하고 있어요."
530,530,일반대화,"지금 읽고 있는 책이 정말 흥미로워요.
어떤 책인가요? 저도 추천해 주세요."
531,531,일반대화,"안녕하세요, 오늘 날씨가 정말 좋네요.
맞아요, 정말 맑고 따뜻해요."
532,532,일반대화,"점심 뭐 먹을까 고민 중이에요.
저는 파스타 먹을 생각인데, 같이 먹을래요?"
533,533,일반대화,"오늘 저녁에 뭐 하세요?
아직 계획이 없어요. 저녁 같이 드실래요?"
534,534,일반대화,"어제 본 영화가 정말 재미있었어요.
어떤 영화였어요? 저도 궁금하네요."
535,535,일반대화,"여행 다녀왔는데 정말 좋았어요.
어디로 다녀오셨나요? 여행 얘기 들려주세요."
536,536,일반대화,"새로운 취미를 시작했어요.
오, 무슨 취미인가요? 저도 같이 해보고 싶네요."
537,537,일반대화,"점심 뭐 먹을까 고민 중이에요.
저는 파스타 먹을 생각인데, 같이 먹을래요?"
538,538,일반대화,"이번 프로젝트 잘 진행되고 있나요?
네, 팀원들과 열심히 준비하고 있어요."
539,539,일반대화,"안녕하세요, 오늘 날씨가 정말 좋네요.
맞아요, 정말 맑고 따뜻해요."
540,540,일반대화,"지금 읽고 있는 책이 정말 흥미로워요.
어떤 책인가요? 저도 추천해 주세요."
541,541,일반대화,"안녕하세요, 오늘 날씨가 정말 좋네요.
맞아요, 정말 맑고 따뜻해요."
542,542,일반대화,"주말에 무슨 계획 있어요?
아직은 없는데, 같이 놀러 갈까요?"
543,543,일반대화,"주말에 무슨 계획 있어요?
아직은 없는데, 같이 놀러 갈까요?"
544,544,일반대화,"새로운 취미를 시작했어요.
오, 무슨 취미인가요? 저도 같이 해보고 싶네요."
545,545,일반대화,"주말에 무슨 계획 있어요?
아직은 없는데, 같이 놀러 갈까요?"
546,546,일반대화,"여행 다녀왔는데 정말 좋았어요.
어디로 다녀오셨나요? 여행 얘기 들려주세요."
547,547,일반대화,"어제 본 영화가 정말 재미있었어요.
어떤 영화였어요? 저도 궁금하네요."
548,548,일반대화,"이번 주말에 등산 갈 생각이에요.
좋은 생각이네요! 저도 같이 가고 싶어요."
549,549,일반대화,"주말에 무슨 계획 있어요?
아직은 없는데, 같이 놀러 갈까요?"
550,550,일반대화,"안녕하세요, 오늘 날씨가 정말 좋네요.
맞아요, 정말 맑고 따뜻해요."
551,551,일반대화,"새로운 취미를 시작했어요.
오, 무슨 취미인가요? 저도 같이 해보고 싶네요."
552,552,일반대화,"오늘 저녁에 뭐 하세요?
아직 계획이 없어요. 저녁 같이 드실래요?"
553,553,일반대화,"여행 다녀왔는데 정말 좋았어요.
어디로 다녀오셨나요? 여행 얘기 들려주세요."
554,554,일반대화,"지금 읽고 있는 책이 정말 흥미로워요.
어떤 책인가요? 저도 추천해 주세요."
555,555,일반대화,"오늘 저녁에 뭐 하세요?
아직 계획이 없어요. 저녁 같이 드실래요?"
556,556,일반대화,"지금 읽고 있는 책이 정말 흥미로워요.
어떤 책인가요? 저도 추천해 주세요."
557,557,일반대화,"점심 뭐 먹을까 고민 중이에요.
저는 파스타 먹을 생각인데, 같이 먹을래요?"
558,558,일반대화,"오늘 저녁에 뭐 하세요?
아직 계획이 없어요. 저녁 같이 드실래요?"
559,559,일반대화,"이번 주말에 등산 갈 생각이에요.
좋은 생각이네요! 저도 같이 가고 싶어요."
560,560,일반대화,"오늘 저녁에 뭐 하세요?
아직 계획이 없어요. 저녁 같이 드실래요?"
561,561,일반대화,"새로운 취미를 시작했어요.
오, 무슨 취미인가요? 저도 같이 해보고 싶네요."
562,562,일반대화,"여행 다녀왔는데 정말 좋았어요.
어디로 다녀오셨나요? 여행 얘기 들려주세요."
563,563,일반대화,"오늘 저녁에 뭐 하세요?
아직 계획이 없어요. 저녁 같이 드실래요?"
564,564,일반대화,"이번 주말에 등산 갈 생각이에요.
좋은 생각이네요! 저도 같이 가고 싶어요."
565,565,일반대화,"여행 다녀왔는데 정말 좋았어요.
어디로 다녀오셨나요? 여행 얘기 들려주세요."
566,566,일반대화,"이번 주말에 등산 갈 생각이에요.
좋은 생각이네요! 저도 같이 가고 싶어요."
567,567,일반대화,"안녕하세요, 오늘 날씨가 정말 좋네요.
맞아요, 정말 맑고 따뜻해요."
568,568,일반대화,"주말에 무슨 계획 있어요?
아직은 없는데, 같이 놀러 갈까요?"
569,569,일반대화,"오늘 저녁에 뭐 하세요?
아직 계획이 없어요. 저녁 같이 드실래요?"
570,570,일반대화,"주말에 무슨 계획 있어요?
아직은 없는데, 같이 놀러 갈까요?"
571,571,일반대화,"주말에 무슨 계획 있어요?
아직은 없는데, 같이 놀러 갈까요?"
572,572,일반대화,"새로운 취미를 시작했어요.
오, 무슨 취미인가요? 저도 같이 해보고 싶네요."
573,573,일반대화,"점심 뭐 먹을까 고민 중이에요.
저는 파스타 먹을 생각인데, 같이 먹을래요?"
574,574,일반대화,"이번 프로젝트 잘 진행되고 있나요?
네, 팀원들과 열심히 준비하고 있어요."
575,575,일반대화,"이번 주말에 등산 갈 생각이에요.
좋은 생각이네요! 저도 같이 가고 싶어요."
576,576,일반대화,"새로운 취미를 시작했어요.
오, 무슨 취미인가요? 저도 같이 해보고 싶네요."
577,577,일반대화,"오늘 저녁에 뭐 하세요?
아직 계획이 없어요. 저녁 같이 드실래요?"
578,578,일반대화,"이번 주말에 등산 갈 생각이에요.
좋은 생각이네요! 저도 같이 가고 싶어요."
579,579,일반대화,"어제 본 영화가 정말 재미있었어요.
어떤 영화였어요? 저도 궁금하네요."
580,580,일반대화,"여행 다녀왔는데 정말 좋았어요.
어디로 다녀오셨나요? 여행 얘기 들려주세요."
581,581,일반대화,"여행 다녀왔는데 정말 좋았어요.
어디로 다녀오셨나요? 여행 얘기 들려주세요."
582,582,일반대화,"지금 읽고 있는 책이 정말 흥미로워요.
어떤 책인가요? 저도 추천해 주세요."
583,583,일반대화,"주말에 무슨 계획 있어요?
아직은 없는데, 같이 놀러 갈까요?"
584,584,일반대화,"오늘 저녁에 뭐 하세요?
아직 계획이 없어요. 저녁 같이 드실래요?"
585,585,일반대화,"오늘 저녁에 뭐 하세요?
아직 계획이 없어요. 저녁 같이 드실래요?"
586,586,일반대화,"이번 주말에 등산 갈 생각이에요.
좋은 생각이네요! 저도 같이 가고 싶어요."
587,587,일반대화,"점심 뭐 먹을까 고민 중이에요.
저는 파스타 먹을 생각인데, 같이 먹을래요?"
588,588,일반대화,"여행 다녀왔는데 정말 좋았어요.
어디로 다녀오셨나요? 여행 얘기 들려주세요."
589,589,일반대화,"여행 다녀왔는데 정말 좋았어요.
어디로 다녀오셨나요? 여행 얘기 들려주세요."
590,590,일반대화,"이번 주말에 등산 갈 생각이에요.
좋은 생각이네요! 저도 같이 가고 싶어요."
591,591,일반대화,"점심 뭐 먹을까 고민 중이에요.
저는 파스타 먹을 생각인데, 같이 먹을래요?"
592,592,일반대화,"이번 주말에 등산 갈 생각이에요.
좋은 생각이네요! 저도 같이 가고 싶어요."
593,593,일반대화,"지금 읽고 있는 책이 정말 흥미로워요.
어떤 책인가요? 저도 추천해 주세요."
594,594,일반대화,"어제 본 영화가 정말 재미있었어요.
어떤 영화였어요? 저도 궁금하네요."
595,595,일반대화,"오늘 저녁에 뭐 하세요?
아직 계획이 없어요. 저녁 같이 드실래요?"
596,596,일반대화,"점심 뭐 먹을까 고민 중이에요.
저는 파스타 먹을 생각인데, 같이 먹을래요?"
597,597,일반대화,"점심 뭐 먹을까 고민 중이에요.
저는 파스타 먹을 생각인데, 같이 먹을래요?"
598,598,일반대화,"어제 본 영화가 정말 재미있었어요.
어떤 영화였어요? 저도 궁금하네요."
599,599,일반대화,"주말에 무슨 계획 있어요?
아직은 없는데, 같이 놀러 갈까요?"
600,600,일반대화,"점심 뭐 먹을까 고민 중이에요.
저는 파스타 먹을 생각인데, 같이 먹을래요?"
601,601,일반대화,"주말에 무슨 계획 있어요?
아직은 없는데, 같이 놀러 갈까요?"
602,602,일반대화,"새로운 취미를 시작했어요.
오, 무슨 취미인가요? 저도 같이 해보고 싶네요."
603,603,일반대화,"주말에 무슨 계획 있어요?
아직은 없는데, 같이 놀러 갈까요?"
604,604,일반대화,"안녕하세요, 오늘 날씨가 정말 좋네요.
맞아요, 정말 맑고 따뜻해요."
605,605,일반대화,"어제 본 영화가 정말 재미있었어요.
어떤 영화였어요? 저도 궁금하네요."
606,606,일반대화,"이번 프로젝트 잘 진행되고 있나요?
네, 팀원들과 열심히 준비하고 있어요."
607,607,일반대화,"안녕하세요, 오늘 날씨가 정말 좋네요.
맞아요, 정말 맑고 따뜻해요."
608,608,일반대화,"여행 다녀왔는데 정말 좋았어요.
어디로 다녀오셨나요? 여행 얘기 들려주세요."
609,609,일반대화,"이번 주말에 등산 갈 생각이에요.
좋은 생각이네요! 저도 같이 가고 싶어요."
610,610,일반대화,"점심 뭐 먹을까 고민 중이에요.
저는 파스타 먹을 생각인데, 같이 먹을래요?"
611,611,일반대화,"주말에 무슨 계획 있어요?
아직은 없는데, 같이 놀러 갈까요?"
612,612,일반대화,"어제 본 영화가 정말 재미있었어요.
어떤 영화였어요? 저도 궁금하네요."
613,613,일반대화,"점심 뭐 먹을까 고민 중이에요.
저는 파스타 먹을 생각인데, 같이 먹을래요?"
614,614,일반대화,"어제 본 영화가 정말 재미있었어요.
어떤 영화였어요? 저도 궁금하네요."
615,615,일반대화,"여행 다녀왔는데 정말 좋았어요.
어디로 다녀오셨나요? 여행 얘기 들려주세요."
616,616,일반대화,"이번 주말에 등산 갈 생각이에요.
좋은 생각이네요! 저도 같이 가고 싶어요."
617,617,일반대화,"이번 주말에 등산 갈 생각이에요.
좋은 생각이네요! 저도 같이 가고 싶어요."
618,618,일반대화,"이번 프로젝트 잘 진행되고 있나요?
네, 팀원들과 열심히 준비하고 있어요."
619,619,일반대화,"오늘 저녁에 뭐 하세요?
아직 계획이 없어요. 저녁 같이 드실래요?"
620,620,일반대화,"오늘 저녁에 뭐 하세요?
아직 계획이 없어요. 저녁 같이 드실래요?"
621,621,일반대화,"오늘 저녁에 뭐 하세요?
아직 계획이 없어요. 저녁 같이 드실래요?"
622,622,일반대화,"어제 본 영화가 정말 재미있었어요.
어떤 영화였어요? 저도 궁금하네요."
623,623,일반대화,"주말에 무슨 계획 있어요?
아직은 없는데, 같이 놀러 갈까요?"
624,624,일반대화,"지금 읽고 있는 책이 정말 흥미로워요.
어떤 책인가요? 저도 추천해 주세요."
625,625,일반대화,"여행 다녀왔는데 정말 좋았어요.
어디로 다녀오셨나요? 여행 얘기 들려주세요."
626,626,일반대화,"새로운 취미를 시작했어요.
오, 무슨 취미인가요? 저도 같이 해보고 싶네요."
627,627,일반대화,"어제 본 영화가 정말 재미있었어요.
어떤 영화였어요? 저도 궁금하네요."
628,628,일반대화,"안녕하세요, 오늘 날씨가 정말 좋네요.
맞아요, 정말 맑고 따뜻해요."
629,629,일반대화,"주말에 무슨 계획 있어요?
아직은 없는데, 같이 놀러 갈까요?"
630,630,일반대화,"여행 다녀왔는데 정말 좋았어요.
어디로 다녀오셨나요? 여행 얘기 들려주세요."
631,631,일반대화,"오늘 저녁에 뭐 하세요?
아직 계획이 없어요. 저녁 같이 드실래요?"
632,632,일반대화,"오늘 저녁에 뭐 하세요?
아직 계획이 없어요. 저녁 같이 드실래요?"
633,633,일반대화,"이번 프로젝트 잘 진행되고 있나요?
네, 팀원들과 열심히 준비하고 있어요."
634,634,일반대화,"새로운 취미를 시작했어요.
오, 무슨 취미인가요? 저도 같이 해보고 싶네요."
635,635,일반대화,"안녕하세요, 오늘 날씨가 정말 좋네요.
맞아요, 정말 맑고 따뜻해요."
636,636,일반대화,"오늘 저녁에 뭐 하세요?
아직 계획이 없어요. 저녁 같이 드실래요?"
637,637,일반대화,"점심 뭐 먹을까 고민 중이에요.
저는 파스타 먹을 생각인데, 같이 먹을래요?"
638,638,일반대화,"이번 프로젝트 잘 진행되고 있나요?
네, 팀원들과 열심히 준비하고 있어요."
639,639,일반대화,"지금 읽고 있는 책이 정말 흥미로워요.
어떤 책인가요? 저도 추천해 주세요."
640,640,일반대화,"여행 다녀왔는데 정말 좋았어요.
어디로 다녀오셨나요? 여행 얘기 들려주세요."
641,641,일반대화,"어제 본 영화가 정말 재미있었어요.
어떤 영화였어요? 저도 궁금하네요."
642,642,일반대화,"주말에 무슨 계획 있어요?
아직은 없는데, 같이 놀러 갈까요?"
643,643,일반대화,"주말에 무슨 계획 있어요?
아직은 없는데, 같이 놀러 갈까요?"
644,644,일반대화,"지금 읽고 있는 책이 정말 흥미로워요.
어떤 책인가요? 저도 추천해 주세요."
645,645,일반대화,"어제 본 영화가 정말 재미있었어요.
어떤 영화였어요? 저도 궁금하네요."
646,646,일반대화,"지금 읽고 있는 책이 정말 흥미로워요.
어떤 책인가요? 저도 추천해 주세요."
647,647,일반대화,"이번 주말에 등산 갈 생각이에요.
좋은 생각이네요! 저도 같이 가고 싶어요."
648,648,일반대화,"여행 다녀왔는데 정말 좋았어요.
어디로 다녀오셨나요? 여행 얘기 들려주세요."
649,649,일반대화,"지금 읽고 있는 책이 정말 흥미로워요.
어떤 책인가요? 저도 추천해 주세요."
650,650,일반대화,"이번 프로젝트 잘 진행되고 있나요?
네, 팀원들과 열심히 준비하고 있어요."
651,651,일반대화,"여행 다녀왔는데 정말 좋았어요.
어디로 다녀오셨나요? 여행 얘기 들려주세요."
652,652,일반대화,"어제 본 영화가 정말 재미있었어요.
어떤 영화였어요? 저도 궁금하네요."
653,653,일반대화,"지금 읽고 있는 책이 정말 흥미로워요.
어떤 책인가요? 저도 추천해 주세요."
654,654,일반대화,"새로운 취미를 시작했어요.
오, 무슨 취미인가요? 저도 같이 해보고 싶네요."
655,655,일반대화,"점심 뭐 먹을까 고민 중이에요.
저는 파스타 먹을 생각인데, 같이 먹을래요?"
656,656,일반대화,"이번 주말에 등산 갈 생각이에요.
좋은 생각이네요! 저도 같이 가고 싶어요."
657,657,일반대화,"주말에 무슨 계획 있어요?
아직은 없는데, 같이 놀러 갈까요?"
658,658,일반대화,"새로운 취미를 시작했어요.
오, 무슨 취미인가요? 저도 같이 해보고 싶네요."
659,659,일반대화,"주말에 무슨 계획 있어요?
아직은 없는데, 같이 놀러 갈까요?"
660,660,일반대화,"점심 뭐 먹을까 고민 중이에요.
저는 파스타 먹을 생각인데, 같이 먹을래요?"
661,661,일반대화,"이번 주말에 등산 갈 생각이에요.
좋은 생각이네요! 저도 같이 가고 싶어요."
662,662,일반대화,"점심 뭐 먹을까 고민 중이에요.
저는 파스타 먹을 생각인데, 같이 먹을래요?"
663,663,일반대화,"오늘 저녁에 뭐 하세요?
아직 계획이 없어요. 저녁 같이 드실래요?"
664,664,일반대화,"새로운 취미를 시작했어요.
오, 무슨 취미인가요? 저도 같이 해보고 싶네요."
665,665,일반대화,"새로운 취미를 시작했어요.
오, 무슨 취미인가요? 저도 같이 해보고 싶네요."
666,666,일반대화,"점심 뭐 먹을까 고민 중이에요.
저는 파스타 먹을 생각인데, 같이 먹을래요?"
667,667,일반대화,"안녕하세요, 오늘 날씨가 정말 좋네요.
맞아요, 정말 맑고 따뜻해요."
668,668,일반대화,"점심 뭐 먹을까 고민 중이에요.
저는 파스타 먹을 생각인데, 같이 먹을래요?"
669,669,일반대화,"오늘 저녁에 뭐 하세요?
아직 계획이 없어요. 저녁 같이 드실래요?"
670,670,일반대화,"여행 다녀왔는데 정말 좋았어요.
어디로 다녀오셨나요? 여행 얘기 들려주세요."
671,671,일반대화,"이번 프로젝트 잘 진행되고 있나요?
네, 팀원들과 열심히 준비하고 있어요."
672,672,일반대화,"지금 읽고 있는 책이 정말 흥미로워요.
어떤 책인가요? 저도 추천해 주세요."
673,673,일반대화,"이번 주말에 등산 갈 생각이에요.
좋은 생각이네요! 저도 같이 가고 싶어요."
674,674,일반대화,"지금 읽고 있는 책이 정말 흥미로워요.
어떤 책인가요? 저도 추천해 주세요."
675,675,일반대화,"지금 읽고 있는 책이 정말 흥미로워요.
어떤 책인가요? 저도 추천해 주세요."
676,676,일반대화,"주말에 무슨 계획 있어요?
아직은 없는데, 같이 놀러 갈까요?"
677,677,일반대화,"이번 프로젝트 잘 진행되고 있나요?
네, 팀원들과 열심히 준비하고 있어요."
678,678,일반대화,"지금 읽고 있는 책이 정말 흥미로워요.
어떤 책인가요? 저도 추천해 주세요."
679,679,일반대화,"이번 프로젝트 잘 진행되고 있나요?
네, 팀원들과 열심히 준비하고 있어요."
680,680,일반대화,"지금 읽고 있는 책이 정말 흥미로워요.
어떤 책인가요? 저도 추천해 주세요."
681,681,일반대화,"여행 다녀왔는데 정말 좋았어요.
어디로 다녀오셨나요? 여행 얘기 들려주세요."
682,682,일반대화,"새로운 취미를 시작했어요.
오, 무슨 취미인가요? 저도 같이 해보고 싶네요."
683,683,일반대화,"어제 본 영화가 정말 재미있었어요.
어떤 영화였어요? 저도 궁금하네요."
684,684,일반대화,"주말에 무슨 계획 있어요?
아직은 없는데, 같이 놀러 갈까요?"
685,685,일반대화,"지금 읽고 있는 책이 정말 흥미로워요.
어떤 책인가요? 저도 추천해 주세요."
686,686,일반대화,"안녕하세요, 오늘 날씨가 정말 좋네요.
맞아요, 정말 맑고 따뜻해요."
687,687,일반대화,"오늘 저녁에 뭐 하세요?
아직 계획이 없어요. 저녁 같이 드실래요?"
688,688,일반대화,"지금 읽고 있는 책이 정말 흥미로워요.
어떤 책인가요? 저도 추천해 주세요."
689,689,일반대화,"여행 다녀왔는데 정말 좋았어요.
어디로 다녀오셨나요? 여행 얘기 들려주세요."
690,690,일반대화,"지금 읽고 있는 책이 정말 흥미로워요.
어떤 책인가요? 저도 추천해 주세요."
691,691,일반대화,"지금 읽고 있는 책이 정말 흥미로워요.
어떤 책인가요? 저도 추천해 주세요."
692,692,일반대화,"지금 읽고 있는 책이 정말 흥미로워요.
어떤 책인가요? 저도 추천해 주세요."
693,693,일반대화,"새로운 취미를 시작했어요.
오, 무슨 취미인가요? 저도 같이 해보고 싶네요."
694,694,일반대화,"오늘 저녁에 뭐 하세요?
아직 계획이 없어요. 저녁 같이 드실래요?"
695,695,일반대화,"새로운 취미를 시작했어요.
오, 무슨 취미인가요? 저도 같이 해보고 싶네요."
696,696,일반대화,"새로운 취미를 시작했어요.
오, 무슨 취미인가요? 저도 같이 해보고 싶네요."
697,697,일반대화,"이번 프로젝트 잘 진행되고 있나요?
네, 팀원들과 열심히 준비하고 있어요."
698,698,일반대화,"점심 뭐 먹을까 고민 중이에요.
저는 파스타 먹을 생각인데, 같이 먹을래요?"
699,699,일반대화,"이번 프로젝트 잘 진행되고 있나요?
네, 팀원들과 열심히 준비하고 있어요."
700,700,일반대화,"지금 읽고 있는 책이 정말 흥미로워요.
어떤 책인가요? 저도 추천해 주세요."
701,701,일반대화,"어제 본 영화가 정말 재미있었어요.
어떤 영화였어요? 저도 궁금하네요."
702,702,일반대화,"어제 본 영화가 정말 재미있었어요.
어떤 영화였어요? 저도 궁금하네요."
703,703,일반대화,"오늘 저녁에 뭐 하세요?
아직 계획이 없어요. 저녁 같이 드실래요?"
704,704,일반대화,"주말에 무슨 계획 있어요?
아직은 없는데, 같이 놀러 갈까요?"
705,705,일반대화,"주말에 무슨 계획 있어요?
아직은 없는데, 같이 놀러 갈까요?"
706,706,일반대화,"새로운 취미를 시작했어요.
오, 무슨 취미인가요? 저도 같이 해보고 싶네요."
707,707,일반대화,"오늘 저녁에 뭐 하세요?
아직 계획이 없어요. 저녁 같이 드실래요?"
708,708,일반대화,"이번 주말에 등산 갈 생각이에요.
좋은 생각이네요! 저도 같이 가고 싶어요."
709,709,일반대화,"어제 본 영화가 정말 재미있었어요.
어떤 영화였어요? 저도 궁금하네요."
710,710,일반대화,"여행 다녀왔는데 정말 좋았어요.
어디로 다녀오셨나요? 여행 얘기 들려주세요."
711,711,일반대화,"주말에 무슨 계획 있어요?
아직은 없는데, 같이 놀러 갈까요?"
712,712,일반대화,"이번 프로젝트 잘 진행되고 있나요?
네, 팀원들과 열심히 준비하고 있어요."
713,713,일반대화,"오늘 저녁에 뭐 하세요?
아직 계획이 없어요. 저녁 같이 드실래요?"
714,714,일반대화,"이번 프로젝트 잘 진행되고 있나요?
네, 팀원들과 열심히 준비하고 있어요."
715,715,일반대화,"오늘 저녁에 뭐 하세요?
아직 계획이 없어요. 저녁 같이 드실래요?"
716,716,일반대화,"어제 본 영화가 정말 재미있었어요.
어떤 영화였어요? 저도 궁금하네요."
717,717,일반대화,"이번 프로젝트 잘 진행되고 있나요?
네, 팀원들과 열심히 준비하고 있어요."
718,718,일반대화,"주말에 무슨 계획 있어요?
아직은 없는데, 같이 놀러 갈까요?"
719,719,일반대화,"주말에 무슨 계획 있어요?
아직은 없는데, 같이 놀러 갈까요?"
720,720,일반대화,"여행 다녀왔는데 정말 좋았어요.
어디로 다녀오셨나요? 여행 얘기 들려주세요."
721,721,일반대화,"어제 본 영화가 정말 재미있었어요.
어떤 영화였어요? 저도 궁금하네요."
722,722,일반대화,"안녕하세요, 오늘 날씨가 정말 좋네요.
맞아요, 정말 맑고 따뜻해요."
723,723,일반대화,"점심 뭐 먹을까 고민 중이에요.
저는 파스타 먹을 생각인데, 같이 먹을래요?"
724,724,일반대화,"여행 다녀왔는데 정말 좋았어요.
어디로 다녀오셨나요? 여행 얘기 들려주세요."
725,725,일반대화,"안녕하세요, 오늘 날씨가 정말 좋네요.
맞아요, 정말 맑고 따뜻해요."
726,726,일반대화,"어제 본 영화가 정말 재미있었어요.
어떤 영화였어요? 저도 궁금하네요."
727,727,일반대화,"어제 본 영화가 정말 재미있었어요.
어떤 영화였어요? 저도 궁금하네요."
728,728,일반대화,"오늘 저녁에 뭐 하세요?
아직 계획이 없어요. 저녁 같이 드실래요?"
729,729,일반대화,"주말에 무슨 계획 있어요?
아직은 없는데, 같이 놀러 갈까요?"
730,730,일반대화,"점심 뭐 먹을까 고민 중이에요.
저는 파스타 먹을 생각인데, 같이 먹을래요?"
731,731,일반대화,"점심 뭐 먹을까 고민 중이에요.
저는 파스타 먹을 생각인데, 같이 먹을래요?"
732,732,일반대화,"이번 프로젝트 잘 진행되고 있나요?
네, 팀원들과 열심히 준비하고 있어요."
733,733,일반대화,"새로운 취미를 시작했어요.
오, 무슨 취미인가요? 저도 같이 해보고 싶네요."
734,734,일반대화,"안녕하세요, 오늘 날씨가 정말 좋네요.
맞아요, 정말 맑고 따뜻해요."
735,735,일반대화,"어제 본 영화가 정말 재미있었어요.
어떤 영화였어요? 저도 궁금하네요."
736,736,일반대화,"어제 본 영화가 정말 재미있었어요.
어떤 영화였어요? 저도 궁금하네요."
737,737,일반대화,"점심 뭐 먹을까 고민 중이에요.
저는 파스타 먹을 생각인데, 같이 먹을래요?"
738,738,일반대화,"점심 뭐 먹을까 고민 중이에요.
저는 파스타 먹을 생각인데, 같이 먹을래요?"
739,739,일반대화,"안녕하세요, 오늘 날씨가 정말 좋네요.
맞아요, 정말 맑고 따뜻해요."
740,740,일반대화,"어제 본 영화가 정말 재미있었어요.
어떤 영화였어요? 저도 궁금하네요."
741,741,일반대화,"주말에 무슨 계획 있어요?
아직은 없는데, 같이 놀러 갈까요?"
742,742,일반대화,"이번 프로젝트 잘 진행되고 있나요?
네, 팀원들과 열심히 준비하고 있어요."
743,743,일반대화,"이번 주말에 등산 갈 생각이에요.
좋은 생각이네요! 저도 같이 가고 싶어요."
744,744,일반대화,"여행 다녀왔는데 정말 좋았어요.
어디로 다녀오셨나요? 여행 얘기 들려주세요."
745,745,일반대화,"안녕하세요, 오늘 날씨가 정말 좋네요.
맞아요, 정말 맑고 따뜻해요."
746,746,일반대화,"오늘 저녁에 뭐 하세요?
아직 계획이 없어요. 저녁 같이 드실래요?"
747,747,일반대화,"여행 다녀왔는데 정말 좋았어요.
어디로 다녀오셨나요? 여행 얘기 들려주세요."
748,748,일반대화,"점심 뭐 먹을까 고민 중이에요.
저는 파스타 먹을 생각인데, 같이 먹을래요?"
749,749,일반대화,"이번 주말에 등산 갈 생각이에요.
좋은 생각이네요! 저도 같이 가고 싶어요."
750,750,일반대화,"점심 뭐 먹을까 고민 중이에요.
저는 파스타 먹을 생각인데, 같이 먹을래요?"
751,751,일반대화,"이번 프로젝트 잘 진행되고 있나요?
네, 팀원들과 열심히 준비하고 있어요."
752,752,일반대화,"이번 프로젝트 잘 진행되고 있나요?
네, 팀원들과 열심히 준비하고 있어요."
753,753,일반대화,"안녕하세요, 오늘 날씨가 정말 좋네요.
맞아요, 정말 맑고 따뜻해요."
754,754,일반대화,"지금 읽고 있는 책이 정말 흥미로워요.
어떤 책인가요? 저도 추천해 주세요."
755,755,일반대화,"이번 프로젝트 잘 진행되고 있나요?
네, 팀원들과 열심히 준비하고 있어요."
756,756,일반대화,"새로운 취미를 시작했어요.
오, 무슨 취미인가요? 저도 같이 해보고 싶네요."
757,757,일반대화,"안녕하세요, 오늘 날씨가 정말 좋네요.
맞아요, 정말 맑고 따뜻해요."
758,758,일반대화,"지금 읽고 있는 책이 정말 흥미로워요.
어떤 책인가요? 저도 추천해 주세요."
759,759,일반대화,"여행 다녀왔는데 정말 좋았어요.
어디로 다녀오셨나요? 여행 얘기 들려주세요."
760,760,일반대화,"새로운 취미를 시작했어요.
오, 무슨 취미인가요? 저도 같이 해보고 싶네요."
761,761,일반대화,"주말에 무슨 계획 있어요?
아직은 없는데, 같이 놀러 갈까요?"
762,762,일반대화,"안녕하세요, 오늘 날씨가 정말 좋네요.
맞아요, 정말 맑고 따뜻해요."
763,763,일반대화,"이번 주말에 등산 갈 생각이에요.
좋은 생각이네요! 저도 같이 가고 싶어요."
764,764,일반대화,"여행 다녀왔는데 정말 좋았어요.
어디로 다녀오셨나요? 여행 얘기 들려주세요."
765,765,일반대화,"이번 주말에 등산 갈 생각이에요.
좋은 생각이네요! 저도 같이 가고 싶어요."
766,766,일반대화,"이번 주말에 등산 갈 생각이에요.
좋은 생각이네요! 저도 같이 가고 싶어요."
767,767,일반대화,"어제 본 영화가 정말 재미있었어요.
어떤 영화였어요? 저도 궁금하네요."
768,768,일반대화,"어제 본 영화가 정말 재미있었어요.
어떤 영화였어요? 저도 궁금하네요."
769,769,일반대화,"이번 프로젝트 잘 진행되고 있나요?
네, 팀원들과 열심히 준비하고 있어요."
770,770,일반대화,"여행 다녀왔는데 정말 좋았어요.
어디로 다녀오셨나요? 여행 얘기 들려주세요."
771,771,일반대화,"지금 읽고 있는 책이 정말 흥미로워요.
어떤 책인가요? 저도 추천해 주세요."
772,772,일반대화,"이번 프로젝트 잘 진행되고 있나요?
네, 팀원들과 열심히 준비하고 있어요."
773,773,일반대화,"여행 다녀왔는데 정말 좋았어요.
어디로 다녀오셨나요? 여행 얘기 들려주세요."
774,774,일반대화,"이번 프로젝트 잘 진행되고 있나요?
네, 팀원들과 열심히 준비하고 있어요."
775,775,일반대화,"안녕하세요, 오늘 날씨가 정말 좋네요.
맞아요, 정말 맑고 따뜻해요."
776,776,일반대화,"이번 프로젝트 잘 진행되고 있나요?
네, 팀원들과 열심히 준비하고 있어요."
777,777,일반대화,"안녕하세요, 오늘 날씨가 정말 좋네요.
맞아요, 정말 맑고 따뜻해요."
778,778,일반대화,"여행 다녀왔는데 정말 좋았어요.
어디로 다녀오셨나요? 여행 얘기 들려주세요."
779,779,일반대화,"안녕하세요, 오늘 날씨가 정말 좋네요.
맞아요, 정말 맑고 따뜻해요."
780,780,일반대화,"이번 프로젝트 잘 진행되고 있나요?
네, 팀원들과 열심히 준비하고 있어요."
781,781,일반대화,"주말에 무슨 계획 있어요?
아직은 없는데, 같이 놀러 갈까요?"
782,782,일반대화,"어제 본 영화가 정말 재미있었어요.
어떤 영화였어요? 저도 궁금하네요."
783,783,일반대화,"어제 본 영화가 정말 재미있었어요.
어떤 영화였어요? 저도 궁금하네요."
784,784,일반대화,"여행 다녀왔는데 정말 좋았어요.
어디로 다녀오셨나요? 여행 얘기 들려주세요."
785,785,일반대화,"이번 프로젝트 잘 진행되고 있나요?
네, 팀원들과 열심히 준비하고 있어요."
786,786,일반대화,"지금 읽고 있는 책이 정말 흥미로워요.
어떤 책인가요? 저도 추천해 주세요."
787,787,일반대화,"오늘 저녁에 뭐 하세요?
아직 계획이 없어요. 저녁 같이 드실래요?"
788,788,일반대화,"여행 다녀왔는데 정말 좋았어요.
어디로 다녀오셨나요? 여행 얘기 들려주세요."
789,789,일반대화,"오늘 저녁에 뭐 하세요?
아직 계획이 없어요. 저녁 같이 드실래요?"
790,790,일반대화,"여행 다녀왔는데 정말 좋았어요.
어디로 다녀오셨나요? 여행 얘기 들려주세요."
791,791,일반대화,"이번 주말에 등산 갈 생각이에요.
좋은 생각이네요! 저도 같이 가고 싶어요."
792,792,일반대화,"여행 다녀왔는데 정말 좋았어요.
어디로 다녀오셨나요? 여행 얘기 들려주세요."
793,793,일반대화,"안녕하세요, 오늘 날씨가 정말 좋네요.
맞아요, 정말 맑고 따뜻해요."
794,794,일반대화,"이번 주말에 등산 갈 생각이에요.
좋은 생각이네요! 저도 같이 가고 싶어요."
795,795,일반대화,"여행 다녀왔는데 정말 좋았어요.
어디로 다녀오셨나요? 여행 얘기 들려주세요."
796,796,일반대화,"이번 주말에 등산 갈 생각이에요.
좋은 생각이네요! 저도 같이 가고 싶어요."
797,797,일반대화,"점심 뭐 먹을까 고민 중이에요.
저는 파스타 먹을 생각인데, 같이 먹을래요?"
798,798,일반대화,"지금 읽고 있는 책이 정말 흥미로워요.
어떤 책인가요? 저도 추천해 주세요."
799,799,일반대화,"여행 다녀왔는데 정말 좋았어요.
어디로 다녀오셨나요? 여행 얘기 들려주세요."
800,800,일반대화,"주말에 무슨 계획 있어요?
아직은 없는데, 같이 놀러 갈까요?"
801,801,일반대화,"새로운 취미를 시작했어요.
오, 무슨 취미인가요? 저도 같이 해보고 싶네요."
802,802,일반대화,"새로운 취미를 시작했어요.
오, 무슨 취미인가요? 저도 같이 해보고 싶네요."
803,803,일반대화,"어제 본 영화가 정말 재미있었어요.
어떤 영화였어요? 저도 궁금하네요."
804,804,일반대화,"어제 본 영화가 정말 재미있었어요.
어떤 영화였어요? 저도 궁금하네요."
805,805,일반대화,"새로운 취미를 시작했어요.
오, 무슨 취미인가요? 저도 같이 해보고 싶네요."
806,806,일반대화,"여행 다녀왔는데 정말 좋았어요.
어디로 다녀오셨나요? 여행 얘기 들려주세요."
807,807,일반대화,"이번 주말에 등산 갈 생각이에요.
좋은 생각이네요! 저도 같이 가고 싶어요."
808,808,일반대화,"여행 다녀왔는데 정말 좋았어요.
어디로 다녀오셨나요? 여행 얘기 들려주세요."
809,809,일반대화,"점심 뭐 먹을까 고민 중이에요.
저는 파스타 먹을 생각인데, 같이 먹을래요?"
810,810,일반대화,"오늘 저녁에 뭐 하세요?
아직 계획이 없어요. 저녁 같이 드실래요?"
811,811,일반대화,"여행 다녀왔는데 정말 좋았어요.
어디로 다녀오셨나요? 여행 얘기 들려주세요."
812,812,일반대화,"지금 읽고 있는 책이 정말 흥미로워요.
어떤 책인가요? 저도 추천해 주세요."
813,813,일반대화,"여행 다녀왔는데 정말 좋았어요.
어디로 다녀오셨나요? 여행 얘기 들려주세요."
814,814,일반대화,"이번 프로젝트 잘 진행되고 있나요?
네, 팀원들과 열심히 준비하고 있어요."
815,815,일반대화,"점심 뭐 먹을까 고민 중이에요.
저는 파스타 먹을 생각인데, 같이 먹을래요?"
816,816,일반대화,"지금 읽고 있는 책이 정말 흥미로워요.
어떤 책인가요? 저도 추천해 주세요."
817,817,일반대화,"어제 본 영화가 정말 재미있었어요.
어떤 영화였어요? 저도 궁금하네요."
818,818,일반대화,"점심 뭐 먹을까 고민 중이에요.
저는 파스타 먹을 생각인데, 같이 먹을래요?"
819,819,일반대화,"지금 읽고 있는 책이 정말 흥미로워요.
어떤 책인가요? 저도 추천해 주세요."
820,820,일반대화,"안녕하세요, 오늘 날씨가 정말 좋네요.
맞아요, 정말 맑고 따뜻해요."
821,821,일반대화,"안녕하세요, 오늘 날씨가 정말 좋네요.
맞아요, 정말 맑고 따뜻해요."
822,822,일반대화,"여행 다녀왔는데 정말 좋았어요.
어디로 다녀오셨나요? 여행 얘기 들려주세요."
823,823,일반대화,"이번 프로젝트 잘 진행되고 있나요?
네, 팀원들과 열심히 준비하고 있어요."
824,824,일반대화,"지금 읽고 있는 책이 정말 흥미로워요.
어떤 책인가요? 저도 추천해 주세요."
825,825,일반대화,"새로운 취미를 시작했어요.
오, 무슨 취미인가요? 저도 같이 해보고 싶네요."
826,826,일반대화,"지금 읽고 있는 책이 정말 흥미로워요.
어떤 책인가요? 저도 추천해 주세요."
827,827,일반대화,"점심 뭐 먹을까 고민 중이에요.
저는 파스타 먹을 생각인데, 같이 먹을래요?"
828,828,일반대화,"여행 다녀왔는데 정말 좋았어요.
어디로 다녀오셨나요? 여행 얘기 들려주세요."
829,829,일반대화,"안녕하세요, 오늘 날씨가 정말 좋네요.
맞아요, 정말 맑고 따뜻해요."
830,830,일반대화,"이번 주말에 등산 갈 생각이에요.
좋은 생각이네요! 저도 같이 가고 싶어요."
831,831,일반대화,"이번 주말에 등산 갈 생각이에요.
좋은 생각이네요! 저도 같이 가고 싶어요."
832,832,일반대화,"어제 본 영화가 정말 재미있었어요.
어떤 영화였어요? 저도 궁금하네요."
833,833,일반대화,"이번 프로젝트 잘 진행되고 있나요?
네, 팀원들과 열심히 준비하고 있어요."
834,834,일반대화,"어제 본 영화가 정말 재미있었어요.
어떤 영화였어요? 저도 궁금하네요."
835,835,일반대화,"어제 본 영화가 정말 재미있었어요.
어떤 영화였어요? 저도 궁금하네요."
836,836,일반대화,"주말에 무슨 계획 있어요?
아직은 없는데, 같이 놀러 갈까요?"
837,837,일반대화,"주말에 무슨 계획 있어요?
아직은 없는데, 같이 놀러 갈까요?"
838,838,일반대화,"이번 주말에 등산 갈 생각이에요.
좋은 생각이네요! 저도 같이 가고 싶어요."
839,839,일반대화,"이번 주말에 등산 갈 생각이에요.
좋은 생각이네요! 저도 같이 가고 싶어요."
840,840,일반대화,"안녕하세요, 오늘 날씨가 정말 좋네요.
맞아요, 정말 맑고 따뜻해요."
841,841,일반대화,"지금 읽고 있는 책이 정말 흥미로워요.
어떤 책인가요? 저도 추천해 주세요."
842,842,일반대화,"새로운 취미를 시작했어요.
오, 무슨 취미인가요? 저도 같이 해보고 싶네요."
843,843,일반대화,"여행 다녀왔는데 정말 좋았어요.
어디로 다녀오셨나요? 여행 얘기 들려주세요."
844,844,일반대화,"안녕하세요, 오늘 날씨가 정말 좋네요.
맞아요, 정말 맑고 따뜻해요."
845,845,일반대화,"새로운 취미를 시작했어요.
오, 무슨 취미인가요? 저도 같이 해보고 싶네요."
846,846,일반대화,"지금 읽고 있는 책이 정말 흥미로워요.
어떤 책인가요? 저도 추천해 주세요."
847,847,일반대화,"이번 주말에 등산 갈 생각이에요.
좋은 생각이네요! 저도 같이 가고 싶어요."
848,848,일반대화,"점심 뭐 먹을까 고민 중이에요.
저는 파스타 먹을 생각인데, 같이 먹을래요?"
849,849,일반대화,"안녕하세요, 오늘 날씨가 정말 좋네요.
맞아요, 정말 맑고 따뜻해요."
850,850,일반대화,"주말에 무슨 계획 있어요?
아직은 없는데, 같이 놀러 갈까요?"
851,851,일반대화,"이번 주말에 등산 갈 생각이에요.
좋은 생각이네요! 저도 같이 가고 싶어요."
852,852,일반대화,"점심 뭐 먹을까 고민 중이에요.
저는 파스타 먹을 생각인데, 같이 먹을래요?"
853,853,일반대화,"새로운 취미를 시작했어요.
오, 무슨 취미인가요? 저도 같이 해보고 싶네요."
854,854,일반대화,"여행 다녀왔는데 정말 좋았어요.
어디로 다녀오셨나요? 여행 얘기 들려주세요."
855,855,일반대화,"안녕하세요, 오늘 날씨가 정말 좋네요.
맞아요, 정말 맑고 따뜻해요."
856,856,일반대화,"여행 다녀왔는데 정말 좋았어요.
어디로 다녀오셨나요? 여행 얘기 들려주세요."
857,857,일반대화,"여행 다녀왔는데 정말 좋았어요.
어디로 다녀오셨나요? 여행 얘기 들려주세요."
858,858,일반대화,"이번 프로젝트 잘 진행되고 있나요?
네, 팀원들과 열심히 준비하고 있어요."
859,859,일반대화,"점심 뭐 먹을까 고민 중이에요.
저는 파스타 먹을 생각인데, 같이 먹을래요?"
860,860,일반대화,"여행 다녀왔는데 정말 좋았어요.
어디로 다녀오셨나요? 여행 얘기 들려주세요."
861,861,일반대화,"어제 본 영화가 정말 재미있었어요.
어떤 영화였어요? 저도 궁금하네요."
862,862,일반대화,"점심 뭐 먹을까 고민 중이에요.
저는 파스타 먹을 생각인데, 같이 먹을래요?"
863,863,일반대화,"어제 본 영화가 정말 재미있었어요.
어떤 영화였어요? 저도 궁금하네요."
864,864,일반대화,"안녕하세요, 오늘 날씨가 정말 좋네요.
맞아요, 정말 맑고 따뜻해요."
865,865,일반대화,"오늘 저녁에 뭐 하세요?
아직 계획이 없어요. 저녁 같이 드실래요?"
866,866,일반대화,"지금 읽고 있는 책이 정말 흥미로워요.
어떤 책인가요? 저도 추천해 주세요."
867,867,일반대화,"점심 뭐 먹을까 고민 중이에요.
저는 파스타 먹을 생각인데, 같이 먹을래요?"
868,868,일반대화,"새로운 취미를 시작했어요.
오, 무슨 취미인가요? 저도 같이 해보고 싶네요."
869,869,일반대화,"어제 본 영화가 정말 재미있었어요.
어떤 영화였어요? 저도 궁금하네요."
870,870,일반대화,"여행 다녀왔는데 정말 좋았어요.
어디로 다녀오셨나요? 여행 얘기 들려주세요."
871,871,일반대화,"새로운 취미를 시작했어요.
오, 무슨 취미인가요? 저도 같이 해보고 싶네요."
872,872,일반대화,"안녕하세요, 오늘 날씨가 정말 좋네요.
맞아요, 정말 맑고 따뜻해요."
873,873,일반대화,"이번 주말에 등산 갈 생각이에요.
좋은 생각이네요! 저도 같이 가고 싶어요."
874,874,일반대화,"어제 본 영화가 정말 재미있었어요.
어떤 영화였어요? 저도 궁금하네요."
875,875,일반대화,"점심 뭐 먹을까 고민 중이에요.
저는 파스타 먹을 생각인데, 같이 먹을래요?"
876,876,일반대화,"지금 읽고 있는 책이 정말 흥미로워요.
어떤 책인가요? 저도 추천해 주세요."
877,877,일반대화,"오늘 저녁에 뭐 하세요?
아직 계획이 없어요. 저녁 같이 드실래요?"
878,878,일반대화,"여행 다녀왔는데 정말 좋았어요.
어디로 다녀오셨나요? 여행 얘기 들려주세요."
879,879,일반대화,"지금 읽고 있는 책이 정말 흥미로워요.
어떤 책인가요? 저도 추천해 주세요."
880,880,일반대화,"지금 읽고 있는 책이 정말 흥미로워요.
어떤 책인가요? 저도 추천해 주세요."
881,881,일반대화,"점심 뭐 먹을까 고민 중이에요.
저는 파스타 먹을 생각인데, 같이 먹을래요?"
882,882,일반대화,"여행 다녀왔는데 정말 좋았어요.
어디로 다녀오셨나요? 여행 얘기 들려주세요."
883,883,일반대화,"안녕하세요, 오늘 날씨가 정말 좋네요.
맞아요, 정말 맑고 따뜻해요."
884,884,일반대화,"이번 프로젝트 잘 진행되고 있나요?
네, 팀원들과 열심히 준비하고 있어요."
885,885,일반대화,"점심 뭐 먹을까 고민 중이에요.
저는 파스타 먹을 생각인데, 같이 먹을래요?"
886,886,일반대화,"새로운 취미를 시작했어요.
오, 무슨 취미인가요? 저도 같이 해보고 싶네요."
887,887,일반대화,"오늘 저녁에 뭐 하세요?
아직 계획이 없어요. 저녁 같이 드실래요?"
888,888,일반대화,"이번 프로젝트 잘 진행되고 있나요?
네, 팀원들과 열심히 준비하고 있어요."
889,889,일반대화,"지금 읽고 있는 책이 정말 흥미로워요.
어떤 책인가요? 저도 추천해 주세요."
890,890,일반대화,"지금 읽고 있는 책이 정말 흥미로워요.
어떤 책인가요? 저도 추천해 주세요."
891,891,일반대화,"지금 읽고 있는 책이 정말 흥미로워요.
어떤 책인가요? 저도 추천해 주세요."
892,892,일반대화,"여행 다녀왔는데 정말 좋았어요.
어디로 다녀오셨나요? 여행 얘기 들려주세요."
893,893,일반대화,"어제 본 영화가 정말 재미있었어요.
어떤 영화였어요? 저도 궁금하네요."
894,894,일반대화,"어제 본 영화가 정말 재미있었어요.
어떤 영화였어요? 저도 궁금하네요."
895,895,일반대화,"주말에 무슨 계획 있어요?
아직은 없는데, 같이 놀러 갈까요?"
896,896,일반대화,"이번 주말에 등산 갈 생각이에요.
좋은 생각이네요! 저도 같이 가고 싶어요."
897,897,일반대화,"점심 뭐 먹을까 고민 중이에요.
저는 파스타 먹을 생각인데, 같이 먹을래요?"
898,898,일반대화,"이번 주말에 등산 갈 생각이에요.
좋은 생각이네요! 저도 같이 가고 싶어요."
899,899,일반대화,"오늘 저녁에 뭐 하세요?
아직 계획이 없어요. 저녁 같이 드실래요?"
900,900,일반대화,"안녕하세요, 오늘 날씨가 정말 좋네요.
맞아요, 정말 맑고 따뜻해요."
901,901,일반대화,"이번 프로젝트 잘 진행되고 있나요?
네, 팀원들과 열심히 준비하고 있어요."
902,902,일반대화,"새로운 취미를 시작했어요.
오, 무슨 취미인가요? 저도 같이 해보고 싶네요."
903,903,일반대화,"안녕하세요, 오늘 날씨가 정말 좋네요.
맞아요, 정말 맑고 따뜻해요."
904,904,일반대화,"여행 다녀왔는데 정말 좋았어요.
어디로 다녀오셨나요? 여행 얘기 들려주세요."
905,905,일반대화,"지금 읽고 있는 책이 정말 흥미로워요.
어떤 책인가요? 저도 추천해 주세요."
906,906,일반대화,"안녕하세요, 오늘 날씨가 정말 좋네요.
맞아요, 정말 맑고 따뜻해요."
907,907,일반대화,"어제 본 영화가 정말 재미있었어요.
어떤 영화였어요? 저도 궁금하네요."
908,908,일반대화,"새로운 취미를 시작했어요.
오, 무슨 취미인가요? 저도 같이 해보고 싶네요."
909,909,일반대화,"이번 프로젝트 잘 진행되고 있나요?
네, 팀원들과 열심히 준비하고 있어요."
910,910,일반대화,"여행 다녀왔는데 정말 좋았어요.
어디로 다녀오셨나요? 여행 얘기 들려주세요."
911,911,일반대화,"안녕하세요, 오늘 날씨가 정말 좋네요.
맞아요, 정말 맑고 따뜻해요."
912,912,일반대화,"새로운 취미를 시작했어요.
오, 무슨 취미인가요? 저도 같이 해보고 싶네요."
913,913,일반대화,"안녕하세요, 오늘 날씨가 정말 좋네요.
맞아요, 정말 맑고 따뜻해요."
914,914,일반대화,"안녕하세요, 오늘 날씨가 정말 좋네요.
맞아요, 정말 맑고 따뜻해요."
915,915,일반대화,"지금 읽고 있는 책이 정말 흥미로워요.
어떤 책인가요? 저도 추천해 주세요."
916,916,일반대화,"주말에 무슨 계획 있어요?
아직은 없는데, 같이 놀러 갈까요?"
917,917,일반대화,"주말에 무슨 계획 있어요?
아직은 없는데, 같이 놀러 갈까요?"
918,918,일반대화,"지금 읽고 있는 책이 정말 흥미로워요.
어떤 책인가요? 저도 추천해 주세요."
919,919,일반대화,"여행 다녀왔는데 정말 좋았어요.
어디로 다녀오셨나요? 여행 얘기 들려주세요."
920,920,일반대화,"지금 읽고 있는 책이 정말 흥미로워요.
어떤 책인가요? 저도 추천해 주세요."
921,921,일반대화,"점심 뭐 먹을까 고민 중이에요.
저는 파스타 먹을 생각인데, 같이 먹을래요?"
922,922,일반대화,"새로운 취미를 시작했어요.
오, 무슨 취미인가요? 저도 같이 해보고 싶네요."
923,923,일반대화,"이번 주말에 등산 갈 생각이에요.
좋은 생각이네요! 저도 같이 가고 싶어요."
924,924,일반대화,"새로운 취미를 시작했어요.
오, 무슨 취미인가요? 저도 같이 해보고 싶네요."
925,925,일반대화,"지금 읽고 있는 책이 정말 흥미로워요.
어떤 책인가요? 저도 추천해 주세요."
926,926,일반대화,"안녕하세요, 오늘 날씨가 정말 좋네요.
맞아요, 정말 맑고 따뜻해요."
927,927,일반대화,"이번 프로젝트 잘 진행되고 있나요?
네, 팀원들과 열심히 준비하고 있어요."
928,928,일반대화,"어제 본 영화가 정말 재미있었어요.
어떤 영화였어요? 저도 궁금하네요."
929,929,일반대화,"점심 뭐 먹을까 고민 중이에요.
저는 파스타 먹을 생각인데, 같이 먹을래요?"
930,930,일반대화,"이번 프로젝트 잘 진행되고 있나요?
네, 팀원들과 열심히 준비하고 있어요."
931,931,일반대화,"안녕하세요, 오늘 날씨가 정말 좋네요.
맞아요, 정말 맑고 따뜻해요."
932,932,일반대화,"어제 본 영화가 정말 재미있었어요.
어떤 영화였어요? 저도 궁금하네요."
933,933,일반대화,"주말에 무슨 계획 있어요?
아직은 없는데, 같이 놀러 갈까요?"
934,934,일반대화,"여행 다녀왔는데 정말 좋았어요.
어디로 다녀오셨나요? 여행 얘기 들려주세요."
935,935,일반대화,"새로운 취미를 시작했어요.
오, 무슨 취미인가요? 저도 같이 해보고 싶네요."
936,936,일반대화,"이번 프로젝트 잘 진행되고 있나요?
네, 팀원들과 열심히 준비하고 있어요."
937,937,일반대화,"주말에 무슨 계획 있어요?
아직은 없는데, 같이 놀러 갈까요?"
938,938,일반대화,"이번 프로젝트 잘 진행되고 있나요?
네, 팀원들과 열심히 준비하고 있어요."
939,939,일반대화,"점심 뭐 먹을까 고민 중이에요.
저는 파스타 먹을 생각인데, 같이 먹을래요?"
940,940,일반대화,"새로운 취미를 시작했어요.
오, 무슨 취미인가요? 저도 같이 해보고 싶네요."
941,941,일반대화,"점심 뭐 먹을까 고민 중이에요.
저는 파스타 먹을 생각인데, 같이 먹을래요?"
942,942,일반대화,"어제 본 영화가 정말 재미있었어요.
어떤 영화였어요? 저도 궁금하네요."
943,943,일반대화,"어제 본 영화가 정말 재미있었어요.
어떤 영화였어요? 저도 궁금하네요."
944,944,일반대화,"점심 뭐 먹을까 고민 중이에요.
저는 파스타 먹을 생각인데, 같이 먹을래요?"
945,945,일반대화,"어제 본 영화가 정말 재미있었어요.
어떤 영화였어요? 저도 궁금하네요."
946,946,일반대화,"점심 뭐 먹을까 고민 중이에요.
저는 파스타 먹을 생각인데, 같이 먹을래요?"
947,947,일반대화,"여행 다녀왔는데 정말 좋았어요.
어디로 다녀오셨나요? 여행 얘기 들려주세요."
948,948,일반대화,"이번 주말에 등산 갈 생각이에요.
좋은 생각이네요! 저도 같이 가고 싶어요."
949,949,일반대화,"오늘 저녁에 뭐 하세요?
아직 계획이 없어요. 저녁 같이 드실래요?"
950,950,일반대화,"어제 본 영화가 정말 재미있었어요.
어떤 영화였어요? 저도 궁금하네요."
951,951,일반대화,"여행 다녀왔는데 정말 좋았어요.
어디로 다녀오셨나요? 여행 얘기 들려주세요."
952,952,일반대화,"점심 뭐 먹을까 고민 중이에요.
저는 파스타 먹을 생각인데, 같이 먹을래요?"
953,953,일반대화,"이번 주말에 등산 갈 생각이에요.
좋은 생각이네요! 저도 같이 가고 싶어요."
954,954,일반대화,"주말에 무슨 계획 있어요?
아직은 없는데, 같이 놀러 갈까요?"
955,955,일반대화,"여행 다녀왔는데 정말 좋았어요.
어디로 다녀오셨나요? 여행 얘기 들려주세요."
956,956,일반대화,"새로운 취미를 시작했어요.
오, 무슨 취미인가요? 저도 같이 해보고 싶네요."
957,957,일반대화,"점심 뭐 먹을까 고민 중이에요.
저는 파스타 먹을 생각인데, 같이 먹을래요?"
958,958,일반대화,"오늘 저녁에 뭐 하세요?
아직 계획이 없어요. 저녁 같이 드실래요?"
959,959,일반대화,"여행 다녀왔는데 정말 좋았어요.
어디로 다녀오셨나요? 여행 얘기 들려주세요."
960,960,일반대화,"안녕하세요, 오늘 날씨가 정말 좋네요.
맞아요, 정말 맑고 따뜻해요."
961,961,일반대화,"이번 프로젝트 잘 진행되고 있나요?
네, 팀원들과 열심히 준비하고 있어요."
962,962,일반대화,"지금 읽고 있는 책이 정말 흥미로워요.
어떤 책인가요? 저도 추천해 주세요."
963,963,일반대화,"이번 주말에 등산 갈 생각이에요.
좋은 생각이네요! 저도 같이 가고 싶어요."
964,964,일반대화,"어제 본 영화가 정말 재미있었어요.
어떤 영화였어요? 저도 궁금하네요."
965,965,일반대화,"점심 뭐 먹을까 고민 중이에요.
저는 파스타 먹을 생각인데, 같이 먹을래요?"
966,966,일반대화,"이번 프로젝트 잘 진행되고 있나요?
네, 팀원들과 열심히 준비하고 있어요."
967,967,일반대화,"이번 프로젝트 잘 진행되고 있나요?
네, 팀원들과 열심히 준비하고 있어요."
968,968,일반대화,"이번 주말에 등산 갈 생각이에요.
좋은 생각이네요! 저도 같이 가고 싶어요."
969,969,일반대화,"이번 프로젝트 잘 진행되고 있나요?
네, 팀원들과 열심히 준비하고 있어요."
970,970,일반대화,"이번 주말에 등산 갈 생각이에요.
좋은 생각이네요! 저도 같이 가고 싶어요."
971,971,일반대화,"주말에 무슨 계획 있어요?
아직은 없는데, 같이 놀러 갈까요?"
972,972,일반대화,"여행 다녀왔는데 정말 좋았어요.
어디로 다녀오셨나요? 여행 얘기 들려주세요."
973,973,일반대화,"오늘 저녁에 뭐 하세요?
아직 계획이 없어요. 저녁 같이 드실래요?"
974,974,일반대화,"어제 본 영화가 정말 재미있었어요.
어떤 영화였어요? 저도 궁금하네요."
975,975,일반대화,"오늘 저녁에 뭐 하세요?
아직 계획이 없어요. 저녁 같이 드실래요?"
976,976,일반대화,"오늘 저녁에 뭐 하세요?
아직 계획이 없어요. 저녁 같이 드실래요?"
977,977,일반대화,"지금 읽고 있는 책이 정말 흥미로워요.
어떤 책인가요? 저도 추천해 주세요."
978,978,일반대화,"이번 주말에 등산 갈 생각이에요.
좋은 생각이네요! 저도 같이 가고 싶어요."
979,979,일반대화,"이번 프로젝트 잘 진행되고 있나요?
네, 팀원들과 열심히 준비하고 있어요."
980,980,일반대화,"이번 프로젝트 잘 진행되고 있나요?
네, 팀원들과 열심히 준비하고 있어요."
981,981,일반대화,"주말에 무슨 계획 있어요?
아직은 없는데, 같이 놀러 갈까요?"
982,982,일반대화,"점심 뭐 먹을까 고민 중이에요.
저는 파스타 먹을 생각인데, 같이 먹을래요?"
983,983,일반대화,"안녕하세요, 오늘 날씨가 정말 좋네요.
맞아요, 정말 맑고 따뜻해요."
984,984,일반대화,"여행 다녀왔는데 정말 좋았어요.
어디로 다녀오셨나요? 여행 얘기 들려주세요."
985,985,일반대화,"주말에 무슨 계획 있어요?
아직은 없는데, 같이 놀러 갈까요?"
986,986,일반대화,"주말에 무슨 계획 있어요?
아직은 없는데, 같이 놀러 갈까요?"
987,987,일반대화,"안녕하세요, 오늘 날씨가 정말 좋네요.
맞아요, 정말 맑고 따뜻해요."
988,988,일반대화,"지금 읽고 있는 책이 정말 흥미로워요.
어떤 책인가요? 저도 추천해 주세요."
989,989,일반대화,"이번 주말에 등산 갈 생각이에요.
좋은 생각이네요! 저도 같이 가고 싶어요."
990,990,일반대화,"지금 읽고 있는 책이 정말 흥미로워요.
어떤 책인가요? 저도 추천해 주세요."
991,991,일반대화,"지금 읽고 있는 책이 정말 흥미로워요.
어떤 책인가요? 저도 추천해 주세요."
992,992,일반대화,"주말에 무슨 계획 있어요?
아직은 없는데, 같이 놀러 갈까요?"
993,993,일반대화,"새로운 취미를 시작했어요.
오, 무슨 취미인가요? 저도 같이 해보고 싶네요."
994,994,일반대화,"지금 읽고 있는 책이 정말 흥미로워요.
어떤 책인가요? 저도 추천해 주세요."
995,995,일반대화,"여행 다녀왔는데 정말 좋았어요.
어디로 다녀오셨나요? 여행 얘기 들려주세요."
996,996,일반대화,"안녕하세요, 오늘 날씨가 정말 좋네요.
맞아요, 정말 맑고 따뜻해요."
997,997,일반대화,"이번 주말에 등산 갈 생각이에요.
좋은 생각이네요! 저도 같이 가고 싶어요."
998,998,일반대화,"주말에 무슨 계획 있어요?
아직은 없는데, 같이 놀러 갈까요?"
999,999,일반대화,"점심 뭐 먹을까 고민 중이에요.
저는 파스타 먹을 생각인데, 같이 먹을래요?"
